S.No,Day of Year,Samvatsara,Ayana,Rithu,Maasa,Paksha,Thithi,Nakshatra,Yoga,Karana,Sh. Thithi,Raahu,Yamakanda,T End Time,N End Time,,,Vaasara,Events,Maasa Niyamaka,Sh Thithi End Time,Gulika,SunriseTime,SunsetTime,MoonriseTime,MoonsetTime
1,77,Vilambi,Uttarayana,Vasantha,Chaitra,Shukla,PRATIPAD,UTRABADRA,SUKLA,_BHAVA,PRATIPAD,04:30 p.m -06:00 p.m,12:00 p.m-01:30 p.m,06:50 a.m / Dwithiya 04:49 p.m,12:59 p.m,,,Baanu,Ugadi-Sri Vilambi Nama Samvtsara,Sri Padmini Vishnu,,,,,,
2,78,Vilambi,Uttarayana,Vasantha,Chaitra,Shukla,DVITIYA,REVATI,BRAHMA,_COWLAVA,DVITIYA,07:30 a.m-09:00 a.m,12:00 p.m-01:30 p.m,02:30 p.m,11:44 a.m,,,Indu,,Sri Padmini Vishnu,,,,,,
3,79,Vilambi,Uttarayana,Vasantha,Chaitra,Shukla,TRITIYA,ASWINI,INDRA,_GARA,TRITIYA,03:00 p.m- 04:30 p.m,09:00 a.m-10:30 p.m,12:17 p.m,10:05 a.m,,,Bowma,Sri Gowri Tadige(Aandholika Gowri),Sri Padmini Vishnu,,,,,,
4,80,Vilambi,Uttarayana,Vasantha,Chaitra,Shukla,CHATURTHI,BHARANI,VAIDHRITI ,_BHADRA,CHATURTHI,12:00 p.m -01:30 p.m,07:30 a.m-09:00 a.m,09:54 p.m,08:33 a.m,,,Sowmya,,Sri Padmini Vishnu,,,,,,
5,81,Vilambi,Uttarayana,Vasantha,Chaitra,Shukla,PANCHMI,KRITTIKA,VISUMBA,_BALAVA,PANCHMI,01:30 p.m -03:00 p.m,06:00 a.m-07:30 a.m,07:29 p.m,06:52 a.m,,,Guru,,Sri Padmini Vishnu,,,,,,
6,82,Vilambi,Uttarayana,Vasantha,Chaitra,Shukla,SASHTI,ROHINI,PRITI/AYUSMA,_THYTULA,SASHTI,10:30 a.m-12:00 p.m,06:00 a.m-07:30 a.m,05:05 p.m,03:41 p.m,,,Baargava,,Sri Padmini Vishnu,,,,,,
7,83,Vilambi,Uttarayana,Vasantha,Chaitra,Shukla,SAPTAMI,MRIGASRA,SAUBHAGYA,_VANIJA,SAPTAMI,09:00 a.m -10:30 a.m,01:30 p.m-03:00 p.m,3:01 p.m,02:27 a.m,,,Sthira,,Sri Padmini Vishnu,,,,,,
8,84,Vilambi,Uttarayana,Vasantha,Chaitra,Shukla,ASHTAMI /NAVAMI,ARDRA,SOBHANA,_BHAVA,ASHTAMI /NAVAMI,04:30 p.m -06:00 p.m,12:00 p.m-01:30 p.m,1:05 p.m,1:25 p.m,,,Baanu,Sri Ramanavami,Sri Padmini Vishnu,,,,,,
9,85,Vilambi,Uttarayana,Vasantha,Chaitra,Shukla,DASAMI,PUNARVASU,ATIGANDA,_THYTULA,DASAMI,07:30 a.m-09:00 a.m,12:00 p.m-01:30 p.m,09:27 a.m,11:01 p.m,,,Indu,,Sri Padmini Vishnu,,,,,,
10,86,Vilambi,Uttarayana,Vasantha,Chaitra,Shukla,EKADASI,PUSHYA,SUKURMA,_VANIJA,EKADASI,03:00 p.m- 04:30 p.m,09:00 a.m-10:30 p.m,10:14 a.m,12:29 a.m,,,Bowma,Ekadasi(Kamadaa),Sri Padmini Vishnu,,,,,,
11,87,Vilambi,Uttarayana,Vasantha,Chaitra,Shukla,DWADASI,ASLESHA,DHRI,_BHAVA,DWADASI,12:00 p.m -01:30 p.m,07:30 a.m-09:00 a.m,09:26 a.m,12:40 a.m,,,Sowmya,Paarane  ,Sri Padmini Vishnu,,,,,,
12,88,Vilambi,Uttarayana,Vasantha,Chaitra,Shukla,TRAYODASI,MAGHA,SULA,_COWLAVA,TRAYODASI,01:30 p.m -03:00 p.m,06:00 a.m-07:30 a.m,09:38 a.m,01:55 a.m,,,Guru,,Sri Padmini Vishnu,,,,,,
13,89,Vilambi,Uttarayana,Vasantha,Chaitra,Shukla,CHATURDASI,PURPHALGUN/UTRA,GANDA,_GARA,CHATURDASI,10:30 a.m-12:00 p.m,06:00 a.m-07:30 a.m,09:25 a.m,02:31 a.m,,,Baargava,,Sri Padmini Vishnu,,,,,,
14,90,Vilambi,Uttarayana,Vasantha,Chaitra,Shukla,PURNIMA,HASTA,VRIDDHI/DHRUVA,_BHAVA,PURNIMA,09:00 a.m -10:30 a.m,01:30 p.m-03:00 p.m,10:04 a.m,04:08 a.m,,,Sthira,Hanumaan Jayanthi,Sri Padmini Vishnu,,,,,,
15,91,Vilambi,Uttarayana,Vasantha,Chaitra,Krishna,PRATIPAD,CHITTA,VYAGHATA,_COWLAVA,PRATIPAD,04:30 p.m -06:00 p.m,12:00 p.m-01:30 p.m,11:15 a.m,Full,,,Baanu,,Sri Padmini Vishnu,,,,,,
16,92,Vilambi,Uttarayana,Vasantha,Chaitra,Krishna,DVITIYA,SVATI,HARSHANA,_GARA,DVITIYA,07:30 a.m-09:00 a.m,12:00 p.m-01:30 p.m,12:51 p.m,Full,,,Indu,,Sri Padmini Vishnu,,,,,,
17,93,Vilambi,Uttarayana,Vasantha,Chaitra,Krishna,TRITIYA,SVATI,VAJRA,_BHADRA,TRITIYA,03:00 p.m- 04:30 p.m,09:00 a.m-10:30 p.m,02:47 p.m,08:34 p.m,,,Bowma,,Sri Padmini Vishnu,,,,,,
18,94,Vilambi,Uttarayana,Vasantha,Chaitra,Krishna,CHATURTHI,VISAKHA,SIDDHI,_BALAVA,CHATURTHI,12:00 p.m -01:30 p.m,07:30 a.m-09:00 a.m,04:50 p.m,11:10 a.m,,,Sowmya,,Sri Padmini Vishnu,,,,,,
19,95,Vilambi,Uttarayana,Vasantha,Chaitra,Krishna,PANCHMI,ANURADHA,VYATIPATA,_THYTULA,PANCHMI,01:30 p.m -03:00 p.m,06:00 a.m-07:30 a.m,06:52 p.m,01:45 p.m,,,Guru,,Sri Padmini Vishnu,,,,,,
20,96,Vilambi,Uttarayana,Vasantha,Chaitra,Krishna,SASHTI,JYESTA,VARIYAN,_GARA,SASHTI,10:30 a.m-12:00 p.m,06:00 a.m-07:30 a.m,08:43 p.m,04:12 p.m,,,Baargava,,Sri Padmini Vishnu,,,,,,
21,97,Vilambi,Uttarayana,Vasantha,Chaitra,Krishna,SAPTAMI,MULA,PARIGHA,_BHADRA,SAPTAMI,09:00 a.m -10:30 a.m,01:30 p.m-03:00 p.m,10:14 p.m,06:21 p.m,,,Sthira,,Sri Padmini Vishnu,,,,,,
22,98,Vilambi,Uttarayana,Vasantha,Chaitra,Krishna,ASHTAMI,PURVASADHA,SIVA,_BALAVA,ASHTAMI,12:00 p.m -01:30 p.m,07:30 a.m-09:00 a.m,11:20 p.m,08:06 p.m,,,Baanu,,Sri Padmini Vishnu,,,,,,
23,99,Vilambi,Uttarayana,Vasantha,Chaitra,Krishna,NAVAMI,UTRASADHA,SIDDHA,_THYTULA,NAVAMI,04:30 p.m -06:00 p.m,12:00 p.m-01:30 p.m,11:57 p.m,09:25 p.m,,,Indu,,Sri Padmini Vishnu,,,,,,
24,100,Vilambi,Uttarayana,Vasantha,Chaitra,Krishna,DASAMI,SRAVANA,SADHYA,_VANIJA,DASAMI,07:30 a.m-09:00 a.m,12:00 p.m-01:30 p.m,12:04 a.m,10:33 p.m,,,Bowma,,Sri Padmini Vishnu,,,,,,
25,101,Vilambi,Uttarayana,Vasantha,Chaitra,Krishna,EKADASI,DHANISTA,SUBHA,_BHAVA,EKADASI,03:00 p.m- 04:30 p.m,09:00 a.m-10:30 p.m,11:40 p.m,10:33 p.m,,,Sowmya,Dashami Anushtana Harivasara starts at 11.43 PM,Sri Padmini Vishnu,,,,,,
26,102,Vilambi,Uttarayana,Vasantha,Chaitra,Krishna,DWADASI,SHATABISHA,SUKLA,_COWLAVA,DWADASI,12:00 p.m -01:30 p.m,07:30 a.m-09:00 a.m,10:40 p.m,10:23 p.m,,,Guru,Sarvesham Ekadasi (Varoothini),Sri Padmini Vishnu,,,,,,
27,103,Vilambi,Uttarayana,Vasantha,Chaitra,Krishna,DWADASI,PURVABADRA,BRAHMA,_THYTULA,DWADASI,01:30 p.m -03:00 p.m,06:00 a.m-07:30 a.m,09:30 p.m,09:49 p.m,,,Baargava,Paarane before 7.10 AM,Sri Padmini Vishnu,,,,,,
28,104,Vilambi,Uttarayana,Vasantha,Chaitra,Krishna,TRAYODASI,UTRABADRA,INDRA,_VANIJA,TRAYODASI,10:30 a.m-12:00 p.m,06:00 a.m-07:30 a.m,07:50 p.m,08:53 p.m,,,Sthira,,Sri Padmini Vishnu,,,,,,
29,105,Vilambi,Uttarayana,Vasantha,Chaitra,Krishna,CHATURDASI,REVATI,VAIDHRITI ,_SHAKUNI,CHATURDASI,09:00 a.m -10:30 a.m,01:30 p.m-03:00 p.m,05:33 p.m,07:40 p.m,,,Baanu,Darsha,Sri Padmini Vishnu,,,,,,
30,106,Vilambi,Uttarayana,Vasantha,Chaitra,Shukla,AMAVSYA,ASWINI,VISUMBA,_NAGAVAN,AMAVSYA,04:30 p.m -06:00 p.m,12:00 p.m-01:30 p.m,03:41 p.m,06:13 p.m,,,Indu,AmaSoma Vrata Padmaka Yoga,Sri Kamalalya Madhusudhana,,,,,,
31,107,Hevilambi,Uttarayana,Vasantha,Vaishakha,Shukla,Dwithiya,Kruthika,Sowbagya,Koulava,Truthiya,10:30 a.m-12:00 p.m,06:00 a.m-07:30 a.m,01:19 p.m,04:36 p.m,,,Baargava,,Sri Kamalalya Madhusudhana,,,,,,
32,108,Hevilambi,Uttarayana,Vasantha,Vaishakha,Shukla,Truthiya,Rohini,Shobana,Garaja,Chaturthi,09:00 a.m -10:30 a.m,01:30 p.m-03:00 p.m,10:53 a.m,02:56 p.m,,,Sthira,"Sri Parasurama Jayanthi, Akshaya Truthiya, Tretha Yugadi, Sri Vidyadhirajar Aradhane (Yaragola), Sri Vidyapathi Theerthar Aradhane (Kumbakonam), Sri Vidya Srinivasa Theerthar Aradhane (Sosale), Sri Vijayadhwaja Theerthar Aradhane (Kanvatheertha)",Sri Kamalalya Madhusudhana,,,,,,
33,109,Hevilambi,Uttarayana,Vasantha,Vaishakha,Shukla,Chaturthi,Mirugasirsha,Athiganda,Badra,Panchami,04:30 p.m -06:00 p.m,12:00 p.m-01:30 p.m,08:26 a.m,01:18 p.m,,,Baanu,,Sri Kamalalya Madhusudhana,,,,,,
34,110,Hevilambi,Uttarayana,Vasantha,Vaishakha,Shukla,Shasti,Arthra,Sukarma,Koulava,Shasti,07:30 a.m-09:00 a.m,12:00 p.m-01:30 p.m,03:57 p.m,11:45 a.m,,,Indu,,Sri Kamalalya Madhusudhana,,,,,,
35,111,Hevilambi,Uttarayana,Vasantha,Vaishakha,Shukla,Sapthami,Punarvasu,Soola,Garaja,Sapthami,03:00 p.m- 04:30 p.m,09:00 a.m-10:30 p.m,02:01 p.m,10:23 a.m,,,Bowma,Gangodhpathi,Sri Kamalalya Madhusudhana,,,,,,
36,112,Hevilambi,Uttarayana,Vasantha,Vaishakha,Shukla,Ashtami,Pushya,Kanda,Badra,Ashtami,12:00 p.m -01:30 p.m,07:30 a.m-09:00 a.m,12:24 a.m,09:17 a.m,,,Sowmya,Mothalkal Seshadasara Aradhane,Sri Kamalalya Madhusudhana,,,,,,
37,113,Hevilambi,Uttarayana,Vasantha,Vaishakha,Shukla,Navami,Ashlesha,Vrudhi,Baala,Navami,01:30 p.m -03:00 p.m,06:00 a.m-07:30 a.m,11:09 p.m,08:30 a.m,,,Guru,,Sri Kamalalya Madhusudhana,,,,,,
38,114,Hevilambi,Uttarayana,Vasantha,Vaishakha,Shukla,Dasami,Maga,Druva,Thaithila,Dasami,10:30 a.m-12:00 p.m,06:00 a.m-07:30 a.m,10:20 p.m,08:08 a.m,,,Baargava,,Sri Kamalalya Madhusudhana,,,,,,
39,115,Hevilambi,Uttarayana,Vasantha,Vaishakha,Shukla,Ekadasi,Poorvapalguni,Vyagadha,Vanik,-,09:00 a.m -10:30 a.m,01:30 p.m-03:00 p.m,09:59 p.m,08:46 a.m,,,Sthira,Ekadasi Upavasa,Sri Kamalalya Madhusudhana,,,,,,
40,116,Hevilambi,Uttarayana,Vasantha,Vaishakha,Shukla,Dwadasi,Uttarapalguni,Harshana,Bava,"Ekadasi, Dwadasi",04:30 p.m -06:00 p.m,12:00 p.m-01:30 p.m,10:09 p.m,08:46 p.m,,,Baanu,Sri Vidya Naada Theerthar (Kumbakonam),Sri Kamalalya Madhusudhana,,,,,,
41,117,Hevilambi,Uttarayana,Vasantha,Vaishakha,Shukla,Trayodasi,Hastha,Vajra,Kowlava,Trayodasi,07:30 a.m-09:00 a.m,12:00 p.m-01:30 p.m,10:49 p.m,09:51 a.m,,,Indu,Sri Vedavyasa Jayanthi,Sri Kamalalya Madhusudhana,,,,,,
42,118,Hevilambi,Uttarayana,Vasantha,Vaishakha,Shukla,Chaturdasi,siddha,Siddhi,Garaja,Chaturdasi,03:00 p.m- 04:30 p.m,09:00 a.m-10:30 p.m,11:56 p.m,11:24 a.m,,,Bowma,Sri Narasimha Jayanthi,Sri Kamalalya Madhusudhana,,,,,,
43,119,Hevilambi,Uttarayana,Vasantha,Vaishakha,Shukla,Pournami,Swathi,Vyathipada,Badra,Pournami,12:00 p.m -01:30 p.m,07:30 a.m-09:00 a.m,01:29 a.m,01:24 p.m,,,Sowmya,"Vaisakha Snana Poorthi, Sri Rajendra Theerthar Aradhane (Yaragola)",Sri Kamalalya Madhusudhana,,,,,,
44,120,Hevilambi,Uttarayana,Vasantha,Vaishakha,Krishna,Prathama,Visaga,Variyan,Baala,Prathama,01:30 p.m -03:00 p.m,06:00 a.m-07:30 a.m,03:20 a.m,03:44 p.m,,,Guru,,Sri Kamalalya Madhusudhana,,,,,,
45,121,Hevilambi,Uttarayana,Vasantha,Vaishakha,Krishna,Dwithiya,Anuradha,Pariga,Thaithila,Dwithiya,10:30 a.m-12:00 p.m,06:00 a.m-07:30 a.m,05:23 a.m,06:19 p.m,,,Baargava,,Sri Kamalalya Madhusudhana,,,,,,
46,122,Hevilambi,Uttarayana,Vasantha,Vaishakha,Krishna,Truthiya,Jeshtta,Siva,Vanik,Truthiya,09:00 a.m -10:30 a.m,01:30 p.m-03:00 p.m,Full,08:54 p.m,,,Sthira,,Sri Kamalalya Madhusudhana,,,,,,
47,123,Hevilambi,Uttarayana,Vasantha,Vaishakha,Krishna,Truthiya,Moola,Siddha,Badra,Chaturthi,04:30 p.m -06:00 p.m,12:00 p.m-01:30 p.m,07:25 a.m,11:24 p.m,,,Baanu,,Sri Kamalalya Madhusudhana,,,,,,
48,124,Hevilambi,Uttarayana,Vasantha,Vaishakha,Krishna,Chaturthi,Poorvashada,Saadhya,Baala,Panchami,07:30 a.m-09:00 a.m,12:00 p.m-01:30 p.m,09:14 a.m,01:38 a.m,,,Indu,Rishaba Sankramana (Tharpana from Udaya Kaala),Sri Kamalalya Madhusudhana,,,,,,
49,125,Hevilambi,Uttarayana,Vasantha,Vaishakha,Krishna,Panchami,Utharashada,Subha,Thaithila,Shasti,03:00 p.m- 04:30 p.m,09:00 a.m-10:30 p.m,10:44 a.m,03:30 a.m,,,Bowma,Sri Srinivasa Theerthar Aradhane (Navabrindavana),Sri Kamalalya Madhusudhana,,,,,,
50,126,Hevilambi,Uttarayana,Vasantha,Vaishakha,Krishna,Shasti,Sravana,Shukla,Vanik,Sapthami,12:00 p.m -01:30 p.m,07:30 a.m-09:00 a.m,11:50 a.m,04:56 p.m,,,Sowmya,,Sri Kamalalya Madhusudhana,,,,,,
51,127,Hevilambi,Uttarayana,Vasantha,Vaishakha,Krishna,Sapthami,Danishta,Brahma,Bava,Ashtami,01:30 p.m -03:00 p.m,06:00 a.m-07:30 a.m,12:26 p.m,05:52 a.m,,,Guru,,Sri Kamalalya Madhusudhana,,,,,,
52,128,Hevilambi,Uttarayana,Vasantha,Vaishakha,Krishna,Ashtami,Sadabisha,Iyndra,Koulava,Navami,10:30 a.m-12:00 p.m,06:00 a.m-07:30 a.m,12:32 p.m,Full,,,Baargava,,Sri Kamalalya Madhusudhana,,,,,,
53,129,Hevilambi,Uttarayana,Vasantha,Vaishakha,Krishna,Navami,Sadabisha,Vaidruthi,Koulava,Dasami,09:00 a.m -10:30 a.m,01:30 p.m-03:00 p.m,12:10 p.m,06:26 a.m,,,Sthira,Sri Vidya Rathanakara Theerthar Aradhane  (Sosale),Sri Kamalalya Madhusudhana,,,,,,
54,130,Hevilambi,Uttarayana,Vasantha,Vaishakha,Krishna,Dasami,Poorvabadra,Vishkamba,Badra,Dasami,04:30 p.m -06:00 p.m,12:00 p.m-01:30 p.m,11:17 p.m,06:23 a.m,,,Baanu,,Sri Kamalalya Madhusudhana,,,,,,
55,131,Hevilambi,Uttarayana,Vasantha,Vaishakha,Krishna,Ekadasi,Revathi,Preethi,Baala,-,07:30 a.m-09:00 a.m,12:00 p.m-01:30 p.m,10:00 p.m,04:56 p.m,,,Indu,Ekadasi Upavasa,Sri Kamalalya Madhusudhana,,,,,,
56,132,Hevilambi,Uttarayana,Vasantha,Vaishakha,Krishna,Dwadasi,Aswini,Ayushman,Thaithila,"Ekadasi, Dwadasi,Trayodasi",03:00 p.m- 04:30 p.m,09:00 a.m-10:30 p.m,08:20 a.m,03:47 p.m,,,Bowma,Sri Brahmanya Theerthar Aradhane (Abbur),Sri Kamalalya Madhusudhana,,,,,,
57,133,Hevilambi,Uttarayana,Vasantha,Vaishakha,Krishna,Trayodasi,Bharani,Shobana,Vanik,Chaturdasi,12:00 p.m -01:30 p.m,07:30 a.m-09:00 a.m,06:21 a.m,02:23 p.m,,,Sowmya,,Sri Kamalalya Madhusudhana,,,,,,
58,134,Hevilambi,Uttarayana,Vasantha,Vaishakha,Krishna,Amavasya,Kruthika,Athiganda,Chatushpada,Amavasya,01:30 p.m -03:00 p.m,06:00 a.m-07:30 a.m,01:42 p.m,12:49 p.m,,,Guru,Amavasya - Thila tharpana,Sri Kamalalya Madhusudhana,,,,,,
59,135,Hevilambi,Uttarayana,Greeshma,Jyeshta,Shukla,Prathama,Rohini,Sukarma,Kimsdhukna,Prathama,10:30 a.m-12:00 p.m,06:00 a.m-07:30 a.m,11:17 p.m,11:10 p.m,,,Baargava,,Sri Rama Trivikrama,,,,,,
60,136,Hevilambi,Uttarayana,Greeshma,Jyeshta,Shukla,Dwithiya,Mirugasirsa,Druthi,Baalava,Dwithiya,09:00 a.m -10:30 a.m,01:30 p.m-03:00 p.m,08:48 p.m,09:31 p.m,,,Sthira,,Sri Rama Trivikrama,,,,,,
61,137,Hevilambi,Uttarayana,Greeshma,Jyeshta,Shukla,Truthiya,Arthra,Soola,Thaithila,Truthiya,04:30 p.m -06:00 p.m,12:00 p.m-01:30 p.m, 06:26 p.m,07:56 p.m,,,Baanu,,Sri Rama Trivikrama,,,,,,
62,138,Hevilambi,Uttarayana,Greeshma,Jyeshta,Shukla,Chaturthi,Punarvasu,Kanda,Badra,Chaturthi,07:30 a.m-09:00 a.m,12:00 p.m-01:30 p.m,04:14 p.m,06:33 p.m,,,Indu,,Sri Rama Trivikrama,,,,,,
63,139,Hevilambi,Uttarayana,Greeshma,Jyeshta,Shukla,Panchami,Pushya,Vrudhi,Baalava,"Panchami, Shashti",03:00 p.m- 04:30 p.m,09:00 a.m-10:30 p.m,02:14 p.m,05:23 p.m,,,Bowma,,Sri Rama Trivikrama,,,,,,
64,140,Hevilambi,Uttarayana,Greeshma,Jyeshta,Shukla,Shasti,Aslesha,Druva,Thaithila,Saptami,12:00 p.m -01:30 p.m,07:30 a.m-09:00 a.m,12:35 p.m,04:34 p.m,,,Sowmya,,Sri Rama Trivikrama,,,,,,
65,141,Hevilambi,Uttarayana,Greeshma,Jyeshta,Shukla,Sapthami,Maga,Harshana,Vanik,Ashtami,01:30 p.m -03:00 p.m,06:00 a.m-07:30 a.m,11:16 a.m,04:05 p.m,,,Guru,,Sri Rama Trivikrama,,,,,,
66,142,Hevilambi,Uttarayana,Greeshma,Jyeshta,Shukla,Ashtami,Poorvapalguni,Vajra,Bava,Navami,10:30 a.m-12:00 p.m,06:00 a.m-07:30 a.m,10:23 p.m,04:04 p.m,,,Baargava,Mohanadasaru Aradhane (Chippagiri),Sri Rama Trivikrama,,,,,,
67,143,Hevilambi,Uttarayana,Greeshma,Jyeshta,Shukla,Navami,Utharapalguni,Siddhi,Koulava,Dasami,09:00 a.m -10:30 a.m,01:30 p.m-03:00 p.m,09:59 a.m,04:31 p.m,,,Sthira,Sri Vidyakaantha Theertharu (Sosale),Sri Rama Trivikrama,,,,,,
68,144,Hevilambi,Uttarayana,Greeshma,Jyeshta,Shukla,Dasami,Hastha,Vyathipada,Garaja,Ekadasi,04:30 p.m -06:00 p.m,12:00 p.m-01:30 p.m,10:07 a.m,05:28 p.m,,,Baanu,,Sri Rama Trivikrama,,,,,,
69,145,Hevilambi,Uttarayana,Greeshma,Jyeshta,Shukla,Ekadasi,Siddha,Variyan,Badra,-,07:30 a.m-09:00 a.m,12:00 p.m-01:30 p.m,10:45 p.m,06:56 p.m,,,Indu,Ekadasi Upavasa,Sri Rama Trivikrama,,,,,,
70,146,Hevilambi,Uttarayana,Greeshma,Jyeshta,Shukla,Dwadasi,Swathi,Pariga,Baala,"Dwadasi, Trayodasi",03:00 p.m- 04:30 p.m,09:00 a.m-10:30 p.m,11:52 a.m,08:49 p.m,,,Bowma,,Sri Rama Trivikrama,,,,,,
71,147,Hevilambi,Uttarayana,Greeshma,Jyeshta,Shukla,Trayodasi,Visaga,Siva,Thaithila,Chaturdasi,12:00 p.m -01:30 p.m,07:30 a.m-09:00 a.m,01:23 p.m,11:05 p.m,,,Sowmya,,Sri Rama Trivikrama,,,,,,
72,148,Hevilambi,Uttarayana,Greeshma,Jyeshta,Shukla,Chaturdasi,Anuradha,Sidda,Vanik,Soonya Thithi,01:30 p.m -03:00 p.m,06:00 a.m-07:30 a.m,03:13 p.m,01:35 a.m,,,Guru,Sri Sripadaraja Theerthar Aradhane (Mulubagilu),Sri Rama Trivikrama,,,,,,
73,149,Hevilambi,Uttarayana,Greeshma,Jyeshta,Shukla,Pournami,Jyeshta,Saadya,Bava,Pournami,10:30 a.m-12:00 p.m,06:00 a.m-07:30 a.m,05:13 p.m,04:11 p.m,,,Baargava,,Sri Rama Trivikrama,,,,,,
74,150,Hevilambi,Uttarayana,Greeshma,Jyeshta,Krishna,Prathama,Moola,Subha,Baala,Prathama,09:00 a.m -10:30 a.m,01:30 p.m-03:00 p.m,07:11 p.m,Full,,,Sthira,,Sri Rama Trivikrama,,,,,,
75,151,Hevilambi,Uttarayana,Greeshma,Jyeshta,Krishna,Dwithiya,Moola,Sukhla,Thaithila,Dwithiya,04:30 p.m -06:00 p.m,12:00 p.m-01:30 p.m,09:00 p.m,06:47 a.m,,,Baanu,,Sri Rama Trivikrama,,,,,,
76,152,Hevilambi,Uttarayana,Greeshma,Jyeshta,Krishna,Truthiya,Poorvashada,Brahma,Vanik,Truthiya,07:30 a.m-09:00 a.m,12:00 p.m-01:30 p.m,10:31 p.m,09:07 a.m,,,Indu,,Sri Rama Trivikrama,,,,,,
77,153,Hevilambi,Uttarayana,Greeshma,Jyeshta,Krishna,Chaturthi,Utharashada,Iyndra,Bava,Chaturthi,03:00 p.m- 04:30 p.m,09:00 a.m-10:30 p.m,11:37 p.m,11:05 a.m,,,Bowma,,Sri Rama Trivikrama,,,,,,
78,154,Hevilambi,Uttarayana,Greeshma,Jyeshta,Krishna,Panchami,Sravana,Vaidruthi,Koulava,Panchami,12:00 p.m -01:30 p.m,07:30 a.m-09:00 a.m,12:17 a.m,12:37 p.m,,,Sowmya,,Sri Rama Trivikrama,,,,,,
79,155,Hevilambi,Uttarayana,Greeshma,Jyeshta,Krishna,Shasti,Danishta,Vishkamba,Garaja,Shasti,01:30 p.m -03:00 p.m,06:00 a.m-07:30 a.m,12:20 a.m,01:38 p.m,,,Guru,Mithuna Sankramana Tharpana after 12:15 p.m,Sri Rama Trivikrama,,,,,,
80,156,Hevilambi,Uttarayana,Greeshma,Jyeshta,Krishna,Sapthami,Sadabisha,Preethi,Badra,Sapthami,10:30 a.m-12:00 p.m,06:00 a.m-07:30 a.m,11:58 p.m,02:11 p.m,,,Baargava,,Sri Rama Trivikrama,,,,,,
81,157,Hevilambi,Uttarayana,Greeshma,Jyeshta,Krishna,Ashtami,Poorabadra,Ayushman,Baala,Ashtami,09:00 a.m -10:30 a.m,01:30 p.m-03:00 p.m,11:07 p.m,02:16 p.m,,,Sthira,,Sri Rama Trivikrama,,,,,,
82,158,Hevilambi,Uttarayana,Greeshma,Jyeshta,Krishna,Navami,Uttarabadra,Sowbagya,Thaithila,Navami,04:30 p.m -06:00 p.m,12:00 p.m-01:30 p.m,09:50 p.m,02:05 p.m,,,Baanu,,Sri Rama Trivikrama,,,,,,
83,159,Hevilambi,Uttarayana,Greeshma,Jyeshta,Krishna,Dasami,Revathi,Shobana,Vanik,Dasami,07:30 a.m-09:00 a.m,12:00 p.m-01:30 p.m,08:10 p.m,01:07 p.m,,,Indu,,Sri Rama Trivikrama,,,,,,
84,160,Hevilambi,Uttarayana,Greeshma,Jyeshta,Krishna,Ekadasi,Aswini,Athiganda,Bava,-,03:00 p.m- 04:30 p.m,09:00 a.m-10:30 p.m,06:12 p.m,12:01 p.m,,,Bowma,Ekadasi Upavasa,Sri Rama Trivikrama,,,,,,
85,161,Hevilambi,Uttarayana,Greeshma,Jyeshta,Krishna,Dwadasi,Barani,Sukarma,Thaithila,"Ekadasi, Dwadasi",12:00 p.m -01:30 p.m,07:30 a.m-09:00 a.m,04:01 p.m,10:41 p.m,,,Sowmya,,Sri Rama Trivikrama,,,,,,
86,162,Hevilambi,Uttarayana,Greeshma,Jyeshta,Krishna,Trayodasi,Kruthika,Truthi,Vanik,"Trayodasi, Chaturdasi",01:30 p.m -03:00 p.m,06:00 a.m-07:30 a.m,01:39 p.m,09:08 a.m,,,Guru,,Sri Rama Trivikrama,,,,,,
87,163,Hevilambi,Uttarayana,Greeshma,Jyeshta,Krishna,Chaturdasi,Rohini                        ,Soola,Chatushman,Amavasya,10:30 a.m-12:00 p.m,06:00 a.m-07:30 a.m,11:11 a.m,07:29 a.m Mrugashira 05:50 a.m,,,Baargava,Amavasya - Thila tharpana,Sri Rama Trivikrama,,,,,,
88,164,Hevilambi,Uttarayana,Greeshma,Jyeshta,Krishna,Amavasya,Arthra,Vrudhi,nagavan,Ashada Sukhla Prathama,09:00 a.m -10:30 a.m,01:30 p.m-03:00 p.m,08:42 a.m,01:13 p.m,,,Sthira,,Sri Rama Trivikrama,,,,,,
89,165,Hevilambi,Uttarayana,Greeshma,Ashada,Shukla,Prathama,Punarvasu,Druva,Bava,Dwithiya,04:30 p.m -06:00 p.m,12:00 p.m-01:30 p.m,06:17 a.m Dwithiya 04:06 p.m,02:47 a.m,,,Baanu,,Sri Vrukshakapi Vamana,,,,,,
90,166,Hevilambi,Uttarayana,Greeshma,Ashada,Shukla,Truthiya,Pushya,Vyagadha,Thaithila,Truthiya,07:30 a.m-09:00 a.m,12:00 p.m-01:30 p.m,2:08 p.m,1:35 p.m,,,Indu,,Sri Vrukshakapi Vamana,,,,,,
91,167,Hevilambi,Uttarayana,Greeshma,Ashada,Shukla,Chaturthi,Aslesha,Vajra,Vanik,Chaturthi,03:00 p.m- 04:30 p.m,09:00 a.m-10:30 p.m,12:26 a.m,12:07 a.m,,,Bowma,Sri Raghunatha Theerthar (Thirumookadalu),Sri Vrukshakapi Vamana,,,,,,
92,168,Hevilambi,Uttarayana,Greeshma,Ashada,Shukla,Panchami,Maga,Vajra,Bava,Panchami,12:00 p.m -01:30 p.m,07:30 a.m-09:00 a.m,11:06 p.m,12:07 a.m,,,Sowmya,,Sri Vrukshakapi Vamana,,,,,,
93,169,Hevilambi,Uttarayana,Greeshma,Ashada,Shukla,Shasti,Poorvapalguni,Siddha,Koulava,Shasti,01:30 p.m -03:00 p.m,06:00 a.m-07:30 a.m,10:11 p.m,12:00 a.m,,,Guru,,Sri Vrukshakapi Vamana,,,,,,
94,170,Hevilambi,Uttarayana,Greeshma,Ashada,Shukla,Sapthami,Uttarapalguni,Vyathipada,Garaja,Sapthami,10:30 a.m-12:00 p.m,06:00 a.m-07:30 a.m,09:45 p.m,12:20 a.m,,,Baargava,,Sri Vrukshakapi Vamana,,,,,,
95,171,Hevilambi,Uttarayana,Greeshma,Ashada,Shukla,Ashtami,Hastha,Variyan,Badra,Ashtami,09:00 a.m -10:30 a.m,01:30 p.m-03:00 p.m,09:50 p.m,01:11 a.m,,,Sthira,,Sri Vrukshakapi Vamana,,,,,,
96,172,Hevilambi,Uttarayana,Greeshma,Ashada,Shukla,Navami,Sidha,Pariga,Baalava,Navami,04:30 p.m -06:00 p.m,12:00 p.m-01:30 p.m,10:24 p.m,02:31 a.m,,,Baanu,Sri Vidyasindhu Theerthar Aradhane (Sosale),Sri Vrukshakapi Vamana,,,,,,
97,173,Hevilambi,Uttarayana,Greeshma,Ashada,Shukla,Dasami,Swathi,Siva,Thaithila,Dasami,07:30 a.m-09:00 a.m,12:00 p.m-01:30 p.m,11:26 p.m,04:48 p.m,,,Indu,,Sri Vrukshakapi Vamana,,,,,,
98,174,Hevilambi,Uttarayana,Greeshma,Ashada,Shukla,Ekadasi,Visaga,Siddhi,Vanik,-,03:00 p.m- 04:30 p.m,09:00 a.m-10:30 p.m,12:54 a.m,Full,,,Bowma,"Prathama Ekadasi (Sayana Ekadasi), Taptha Mudra Dharana , Shaka Vratha Arambha",Sri Vrukshakapi Vamana,,,,,,
99,175,Hevilambi,Uttarayana,Greeshma,Ashada,Shukla,Dwadasi,Visaga,Saadhya,Bava,"Ekadasi, Dwadasi",12:00 p.m -01:30 p.m,07:30 a.m-09:00 a.m,02:41 a.m,06:25 a.m,,,Sowmya,"Dwadasi - Till 8:36 a.m Harivasara Pancha Kavya Praasanam, Sri Sripathi Theerthar Aradhane (Rayavellore)",Sri Vrukshakapi Vamana,,,,,,
100,176,Hevilambi,Uttarayana,Greeshma,Ashada,Shukla,Trayodasi,Anuradha,Subha,Koulava,Trayodasi,01:30 p.m -03:00 p.m,06:00 a.m-07:30 a.m,04:40 p.m,08:56 a.m,,,Guru,,Sri Vrukshakapi Vamana,,,,,,
101,177,Hevilambi,Uttarayana,Greeshma,Ashada,Shukla,Chaturdasi,Jyeshta,Shukla,Garaja,Chaturdasi,10:30 a.m-12:00 p.m,06:00 a.m-07:30 a.m,Full,11:33 a.m,,,Baargava,,Sri Vrukshakapi Vamana,,,,,,
102,178,Hevilambi,Uttarayana,Greeshma,Ashada,Shukla,Chaturdasi,Moola,Brahma,Vanik,Pournami,09:00 a.m -10:30 a.m,01:30 p.m-03:00 p.m,06:41 a.m,02:08 p.m,,,Sthira,,Sri Vrukshakapi Vamana,,,,,,
103,179,Hevilambi,Uttarayana,Greeshma,Ashada,Shukla,Pournami,Poorvashada,Iyndra,Bava,Krishna Paksha Prathama,04:30 p.m -06:00 p.m,12:00 p.m-01:30 p.m,08:32 a.m,04:30 p.m,,,Baanu,Sri Vyasa Poornima,Sri Vrukshakapi Vamana,,,,,,
104,180,Hevilambi,Uttarayana,Greeshma,Ashada,Krishna,Prathama,Utharashada,Vaidruthi,Koulava,Dwithiya,07:30 a.m-09:00 a.m,12:00 p.m-01:30 p.m,10:04 a.m,06:33 p.m,,,Indu,,Sri Vrukshakapi Vamana,,,,,,
105,181,Hevilambi,Uttarayana,Greeshma,Ashada,Krishna,Dwithiya,Sravana,Vishkamba,Garaja,Truthiya,03:00 p.m- 04:30 p.m,09:00 a.m-10:30 p.m,11:11 a.m,08:11 p.m,,,Bowma,,Sri Vrukshakapi Vamana,,,,,,
106,182,Hevilambi,Uttarayana,Greeshma,Ashada,Krishna,Truthiya,Danishta,Preethi,Badra,Chaturthi,12:00 p.m -01:30 p.m,07:30 a.m-09:00 a.m,11:51 a.m,09:20 p.m,,,Sowmya,,Sri Vrukshakapi Vamana,,,,,,
107,183,Hevilambi,Uttarayana,Greeshma,Ashada,Krishna,Chaturthi,Sadabisha,Ayushman,Baala,Panchami,01:30 p.m -03:00 p.m,06:00 a.m-07:30 a.m,12:01 p.m,10:01 p.m,,,Guru,,Sri Vrukshakapi Vamana,,,,,,
108,184,Hevilambi,Uttarayana,Greeshma,Ashada,Krishna,Panchami,Poorvabadra,Sowbagya,Thaithila,Shasti,10:30 a.m-12:00 p.m,06:00 a.m-07:30 a.m,11:40 a.m,10:11 p.m,,,Baargava,Srimath Jayateerthar Aradhane (Teeka Kruthpaathar),Sri Vrukshakapi Vamana,,,,,,
109,185,Hevilambi,Uttarayana,Greeshma,Ashada,Krishna,Shasti,Uttarabadra,Shobana,Vanik,Sapthami,09:00 a.m -10:30 a.m,01:30 p.m-03:00 p.m,10:50 a.m,09:55 p.m,,,Sthira,,Sri Vrukshakapi Vamana,,,,,,
110,186,Hevilambi,Dakshinayana,Greeshma,Ashada,Krishna,Sapthami,Revathi,Sukarma,Bava,Ashtami,04:30 p.m -06:00 p.m,12:00 p.m-01:30 p.m,09:35 a.m,09:14 p.m,,,Baanu,"Kataka Sankramana, Dhakshinayana Punya kaala, Snana tharpana afternoon",Sri Vrukshakapi Vamana,,,,,,
111,187,Hevilambi,Dakshinayana,Greeshma,Ashada,Krishna,Ashtami,Aswini,Druthi,Koulava,Navami,07:30 a.m-09:00 a.m,12:00 p.m-01:30 p.m,07:57 a.m,08:52 p.m,,,Indu,,Sri Vrukshakapi Vamana,,,,,,
112,188,Hevilambi,Dakshinayana,Greeshma,Ashada,Krishna,Dasami,Bharani,Soola,Vanik,Dasami,03:00 p.m- 04:30 p.m,09:00 a.m-10:30 p.m,03:44 a.m,06:55 p.m,,,Bowma,,Sri Vrukshakapi Vamana,,,,,,
113,189,Hevilambi,Dakshinayana,Greeshma,Ashada,Krishna,Ekadasi,Kruthika,Kanda,Bava,-,12:00 p.m -01:30 p.m,07:30 a.m-09:00 a.m,01:23 a.m,05:25 p.m,,,Sowmya,"Ekadasi Upavasa, Sri Vidyanidhi Theerthar Aradhane (Sosale)",Sri Vrukshakapi Vamana,,,,,,
114,190,Hevilambi,Dakshinayana,Greeshma,Ashada,Krishna,Dwadasi,Rohini,Vrudhi,Koulava,"Ekadasi, Dwadasi",01:30 p.m -03:00 p.m,06:00 a.m-07:30 a.m,10:56 p.m,03:47 p.m,,,Guru,"Dwadasi, Harivasara till 07:22 a.m",Sri Vrukshakapi Vamana,,,,,,
115,191,Hevilambi,Dakshinayana,Greeshma,Ashada,Krishna,Trayodasi,Mrugashira,Druva,Garaja,Trayodasi,10:30 a.m-12:00 p.m,06:00 a.m-07:30 a.m,08:28 p.m,02:07 p.m,,,Baargava,,Sri Vrukshakapi Vamana,,,,,,
116,192,Hevilambi,Dakshinayana,Greeshma,Ashada,Krishna,Chaturdasi,Arthra,Vyakadha,Badra,Chaturdasi,09:00 a.m -10:30 a.m,01:30 p.m-03:00 p.m,06:04 p.m,12:29 p.m,,,Sthira,,Sri Vrukshakapi Vamana,,,,,,
117,193,Hevilambi,Dakshinayana,Greeshma,Ashada,Krishna,Amavasya,Punarvasu,Harshana,Nagavan,Amavasya,04:30 p.m -06:00 p.m,12:00 p.m-01:30 p.m,03:49 p.m,10:59 p.m,,,Baanu,"Amavasya - Thila tharpana, Deepasthamba Pooje",Sri Vrukshakapi Vamana,,,,,,
118,194,Hevilambi,Dakshinayana,Varsha,Sravana,Shukla,Prathama,Pushya,Siddhi,Bava,Dwithiya,07:30 a.m-09:00 a.m,12:00 p.m-01:30 p.m,1:47 p.m,9:43 a.m,,,Indu,,Sri Dhanya Sridhara,,,,,,
119,195,Hevilambi,Dakshinayana,Varsha,Sravana,Shukla,Dwithiya,Aslesha,Vyathipada,Koulava,Truthiya,03:00 p.m- 04:30 p.m,09:00 a.m-10:30 p.m,12:03 p.m,8:41 a.m,,,Bowma,,Sri Dhanya Sridhara,,,,,,
120,196,Hevilambi,Dakshinayana,Varsha,Sravana,Shukla,Truthiya,Maga,Variyan,Garaja,Chaturthi,12:00 p.m -01:30 p.m,07:30 a.m-09:00 a.m,10:40 a.m,8:01 a.m,,,Sowmya,Naaga Chaturthi,Sri Dhanya Sridhara,,,,,,
121,197,Hevilambi,Dakshinayana,Varsha,Sravana,Shukla,Chaturthi,Poorvapalguni,Variyan,Badra,Panchami,01:30 p.m -03:00 p.m,06:00 a.m-07:30 a.m,9:43 a.m,7:47 a.m,,,Guru,,Sri Dhanya Sridhara,,,,,,
122,198,Hevilambi,Dakshinayana,Varsha,Sravana,Shukla,Panchami,Uttarapalguni,Siva,Baala,Shasti,10:30 a.m-12:00 p.m,06:00 a.m-07:30 a.m,9:14 a.m,8:01 a.m,,,Baargava,"Garuda Panchami, Rig Upakarma",Sri Dhanya Sridhara,,,,,,
123,199,Hevilambi,Dakshinayana,Varsha,Sravana,Shukla,Shasti,Hastha,Siddha,Thaithila,Sapthami,09:00 a.m -10:30 a.m,01:30 p.m-03:00 p.m,9:16 a.m,8:45 a.m,,,Sthira,Sri Vidyapoorna Theertharu Aradhane (Sosale),Sri Dhanya Sridhara,,,,,,
124,200,Hevilambi,Dakshinayana,Varsha,Sravana,Shukla,Sapthami,Siddha,Saadya,Vanik,Ashtami,04:30 p.m -06:00 p.m,12:00 p.m-01:30 p.m,9:50 a.m,9:59 a.m,,,Baanu,Sri Lakshmikantha Theerthar Aradhane (Penugonda),Sri Dhanya Sridhara,,,,,,
125,201,Hevilambi,Dakshinayana,Varsha,Sravana,Shukla,Ashtami,Swathi,Subha,Bava,Navami,07:30 a.m-09:00 a.m,12:00 p.m-01:30 p.m,10:52 a.m,11:41 a.m,,,Indu,,Sri Dhanya Sridhara,,,,,,
126,202,Hevilambi,Dakshinayana,Varsha,Sravana,Shukla,Navami,Visaga,Sukla,Koulava,Dasami,03:00 p.m- 04:30 p.m,09:00 a.m-10:30 p.m,12:20 p.m,1:48 p.m,,,Bowma,,Sri Dhanya Sridhara,,,,,,
127,203,Hevilambi,Dakshinayana,Varsha,Sravana,Shukla,Dasami,Anuradha,Brahma,Garaja,Soonya Thithi,12:00 p.m -01:30 p.m,07:30 a.m-09:00 a.m,2:07 p.m,4:13 p.m,,,Sowmya,,Sri Dhanya Sridhara,,,,,,
128,204,Hevilambi,Dakshinayana,Varsha,Sravana,Shukla,Ekadasi,Jyeshta,Iyndra,Badra,-,01:30 p.m -03:00 p.m,06:00 a.m-07:30 a.m,4:06 p.m,6:49 p.m,,,Guru,Ekadasi Upavasa - Dadi Vratha Aramba,Sri Dhanya Sridhara,,,,,,
129,205,Hevilambi,Dakshinayana,Varsha,Sravana,Shukla,Dwadasi,Moola,Vaidruthi,Baala,"Ekadasi, Dwadasi",10:30 a.m-12:00 p.m,06:00 a.m-07:30 a.m,6:07 p.m,9:24 p.m,,,Baargava,Sri Varamahalakshmi Vratha - Dwadasi,Sri Dhanya Sridhara,,,,,,
130,206,Hevilambi,Dakshinayana,Varsha,Sravana,Shukla,Trayodasi,Poorvashada,Vishkamba,Koulava,Trayodasi,09:00 a.m -10:30 a.m,01:30 p.m-03:00 p.m,7:59 p.m,11:51 p.m,,,Sthira,Sri Lakshminatha Theerthar Aradhane (Srirangam),Sri Dhanya Sridhara,,,,,,
131,207,Hevilambi,Dakshinayana,Varsha,Sravana,Shukla,Chaturdasi,Uttarashada,Preethi,Garaja,Chaturdasi,04:30 p.m -06:00 p.m,12:00 p.m-01:30 p.m,9:33 p.m,1:59 a.m,,,Baanu,,Sri Dhanya Sridhara,,,,,,
132,208,Hevilambi,Dakshinayana,Varsha,Sravana,Shukla,Pournami,Sravana,Ayushman,Badra,Pournami,07:30 a.m-09:00 a.m,12:00 p.m-01:30 p.m,10:43 p.m,3:43 p.m,,,Indu,Poornima Chandra Grahana,Sri Dhanya Sridhara,,,,,,
133,209,Hevilambi,Dakshinayana,Varsha,Sravana,Krishna,Prathama,Danishta,Sowbagya,Baalava,Prathama,03:00 p.m- 04:30 p.m,09:00 a.m-10:30 p.m,11:24 p.m,4:59 p.m,,,Bowma,,Sri Dhanya Sridhara,,,,,,
134,210,Hevilambi,Dakshinayana,Varsha,Sravana,Krishna,Dwithiya,Sadabisha,Shoba,Thaithila,Dwithiya,12:00 p.m -01:30 p.m,07:30 a.m-09:00 a.m,11:35 p.m,5:45 a.m,,,Sowmya,Sri Raghavendra Swamigala Aradhane (Mantralaya),Sri Dhanya Sridhara,,,,,,
135,211,Hevilambi,Dakshinayana,Varsha,Sravana,Krishna,Truthiya,Poorvabadra,Athiganda,Vanik,Truthiya,01:30 p.m -03:00 p.m,06:00 a.m-07:30 a.m,11:17 p.m,6:02 a.m,,,Guru,,Sri Dhanya Sridhara,,,,,,
136,212,Hevilambi,Dakshinayana,Varsha,Sravana,Krishna,Chaturthi,Uttarabadra,Sukarma,Bava,Chaturthi,10:30 a.m-12:00 p.m,06:00 a.m-07:30 a.m,10:31 p.m,5:51 a.m,,,Baargava,,Sri Dhanya Sridhara,,,,,,
137,213,Hevilambi,Dakshinayana,Varsha,Sravana,Krishna,Panchami,Revathi,Truthi,kowlava,Panchami,09:00 a.m -10:30 a.m,01:30 p.m-03:00 p.m,9:18 p.m,5:15 a.m,,,Sthira,,Sri Dhanya Sridhara,,,,,,
138,214,Hevilambi,Dakshinayana,Varsha,Sravana,Krishna,Shasti,Aswini,Soola,Garaja,Shasti,04:30 p.m -06:00 p.m,12:00 p.m-01:30 p.m,7:43 p.m,4:17 p.m,,,Baanu,,Sri Dhanya Sridhara,,,,,,
139,215,Hevilambi,Dakshinayana,Varsha,Sravana,Krishna,Sapthami,Barani,Kanda,Badra,Sapthami,07:30 a.m-09:00 a.m,12:00 p.m-01:30 p.m,5:48 p.m,3:03 p.m,,,Indu,"Gokulashtami Upavasa, Pooje, Arghya at night",Sri Dhanya Sridhara,,,,,,
140,216,Hevilambi,Dakshinayana,Varsha,Sravana,Krishna,Ashtami,Kruthika,Vruddhi,Koulava,"Ashtami, Navami",03:00 p.m- 04:30 p.m,09:00 a.m-10:30 p.m,3:38 p.m,1:35 p.m,,,Bowma,Paarane at morning,Sri Dhanya Sridhara,,,,,,
141,217,Hevilambi,Dakshinayana,Varsha,Sravana,Krishna,Navami,Rohini,Vyagadha,Garaja,Dasami,12:00 p.m -01:30 p.m,07:30 a.m-09:00 a.m,1:17 p.m,11:58 p.m,,,Sowmya,,Sri Dhanya Sridhara,,,,,,
142,218,Hevilambi,Dakshinayana,Varsha,Sravana,Krishna,Dasami,Mrugashira,Harshana,Badra,Ekadasi,01:30 p.m -03:00 p.m,06:00 a.m-07:30 a.m,10:51 a.m,10:19 p.m,,,Guru,Simma Sankramana - Tharpana after 8:56 a.m,Sri Dhanya Sridhara,,,,,,
143,219,Hevilambi,Dakshinayana,Varsha,Sravana,Krishna,Ekadasi,Ardhra,Vajra,Baala,-,10:30 a.m-12:00 p.m,06:00 a.m-07:30 a.m,8:22 a.m,8:41 p.m,,,Baargava,Ekadasi Upavasa,Sri Dhanya Sridhara,,,,,,
144,220,Hevilambi,Dakshinayana,Varsha,Sravana,Krishna,Trayodasi,Punarvasu,Siddhi,Garaja,"Ekadasi, Dwadasi, Trayodasi",09:00 a.m -10:30 a.m,01:30 p.m-03:00 p.m,3:22 p.m,7:10 p.m,,,Sthira,,Sri Dhanya Sridhara,,,,,,
145,221,Hevilambi,Dakshinayana,Varsha,Sravana,Krishna,Chaturdasi,Pushya,Vyathipada,Badra,Chaturdasi,04:30 p.m -06:00 p.m,12:00 p.m-01:30 p.m,1:45 a.m,5:49 p.m,,,Baanu,,Sri Dhanya Sridhara,,,,,,
146,222,Hevilambi,Dakshinayana,Varsha,Sravana,Krishna,Amavasya,Aslesha,Variyan,Chatushpada,Amavasya,07:30 a.m-09:00 a.m,12:00 p.m-01:30 p.m,12:02 a.m,4:44 p.m,,,Indu,Amavasya Thila Tharpana,Sri Dhanya Sridhara,,,,,,
147,223,Hevilambi,Dakshinayana,Varsha,Bhadrapada,Shukla,Prathama,Maga,Pariga,Kimsthugna,Prathama,03:00 p.m- 04:30 p.m,09:00 a.m-10:30 p.m,12:56 a.m,4:00 p.m,,,Bowma,,Sri Buddhi Hrishikesha,,,,,,
148,224,Hevilambi,Dakshinayana,Varsha,Bhadrapada,Shukla,Dwithiya,Poorvapalguni,Siddha,Baala,Dwithiya,12:00 p.m -01:30 p.m,07:30 a.m-09:00 a.m,9:43 p.m,3:40 p.m,,,Sowmya,,Sri Buddhi Hrishikesha,,,,,,
149,225,Hevilambi,Dakshinayana,Varsha,Bhadrapada,Shukla,Truthiya,Uttarapalguni,Saadya,Thaithila,Truthiya,01:30 p.m -03:00 p.m,06:00 a.m-07:30 a.m,9:13 p.m,3:46 p.m,,,Guru,Swarna Gowri Vratha,Sri Buddhi Hrishikesha,,,,,,
150,226,Hevilambi,Dakshinayana,Varsha,Bhadrapada,Shukla,Chaturthi,Hastha,Subha,Vanik,Chaturthi,10:30 a.m-12:00 p.m,06:00 a.m-07:30 a.m,9:14 p.m,4:22 p.m,,,Baargava,"Varasiddhi Vinayaka Vratha , Saamaveda Upakarma",Sri Buddhi Hrishikesha,,,,,,
151,227,Hevilambi,Dakshinayana,Varsha,Bhadrapada,Shukla,Panchami,Siddha,Sukla,Bava,Panchami,09:00 a.m -10:30 a.m,01:30 p.m-03:00 p.m,9:46 p.m,5:28 p.m,,,Sthira,"Rishipanchami, Sri Vidyavaridhi Theerthar Aradhane (Srirangam)",Sri Buddhi Hrishikesha,,,,,,
152,228,Hevilambi,Dakshinayana,Varsha,Bhadrapada,Shukla,Shasti,Swathi,Brahma,Koulava,Shashti,04:30 p.m -06:00 p.m,12:00 p.m-01:30 p.m,10:47 p.m,7:04 p.m,,,Baanu,,Sri Buddhi Hrishikesha,,,,,,
153,229,Hevilambi,Dakshinayana,Varsha,Bhadrapada,Shukla,Sapthami,Visaga,Iyndra,Garaja,Sapthami,07:30 a.m-09:00 a.m,12:00 p.m-01:30 p.m,12:13 a.m,9:04 p.m,,,Indu,,Sri Buddhi Hrishikesha,,,,,,
154,230,Hevilambi,Dakshinayana,Varsha,Bhadrapada,Shukla,Ashtami,Anuradha,Vaidruthi,Badra,Ashtami,03:00 p.m- 04:30 p.m,09:00 a.m-10:30 p.m,2:01 a.m,11:25 p.m,,,Bowma,,Sri Buddhi Hrishikesha,,,,,,
155,231,Hevilambi,Dakshinayana,Varsha,Bhadrapada,Shukla,Navami,Jyeshta,Vishkamba,Baala,Navami,12:00 p.m -01:30 p.m,07:30 a.m-09:00 a.m,4:00 a.m,1:58 a.m,,,Sowmya,Sri Jagannatha Dasaru Aradhane (Manavi),Sri Buddhi Hrishikesha,,,,,,
156,232,Hevilambi,Dakshinayana,Varsha,Bhadrapada,Shukla,Dasami,Moola,Preethi,Thaithila,Dasami,01:30 p.m -03:00 p.m,06:00 a.m-07:30 a.m,6:01 a.m,4:33 a.m,,,Guru,,Sri Buddhi Hrishikesha,,,,,,
157,233,Hevilambi,Dakshinayana,Varsha,Bhadrapada,Shukla,Ekadasi,Poorvashada,Ayushman,Vanik,Ekadasi,10:30 a.m-12:00 p.m,06:00 a.m-07:30 a.m,Full,Full,,,Baargava,,Sri Buddhi Hrishikesha,,,,,,
158,234,Hevilambi,Dakshinayana,Varsha,Bhadrapada,Shukla,Ekadasi,Poorvashada,Sowbagya,Badra,-,09:00 a.m -10:30 a.m,01:30 p.m-03:00 p.m,7:58a.m,7:05 a.m,,,Sthira,Ekadasi Upavasa - Ksheera Vratha Arambha,Sri Buddhi Hrishikesha,,,,,,
159,235,Hevilambi,Dakshinayana,Varsha,Bhadrapada,Shukla,Dwadasi,Utharashada,Shobana,Baala,"Dwadasi, Trayodasi",04:30 p.m -06:00 p.m,12:00 p.m-01:30 p.m,9:35 a.m,9:18 a.m,,,Baanu,,Sri Buddhi Hrishikesha,,,,,,
160,236,Hevilambi,Dakshinayana,Varsha,Bhadrapada,Shukla,Trayodasi,Sravana,Athiganda,Thaithila,Chaturdasi,07:30 a.m-09:00 a.m,12:00 p.m-01:30 p.m,10:47 a.m,11:07 a.m,,,Indu,,Sri Buddhi Hrishikesha,,,,,,
161,237,Hevilambi,Dakshinayana,Varsha,Bhadrapada,Shukla,Chaturdasi,Danishta,Sukarma,Vanik,Pournami,03:00 p.m- 04:30 p.m,09:00 a.m-10:30 p.m,11:33 a.m,12:29 p.m,,,Bowma,Anantapadmanabha Vratha,Sri Buddhi Hrishikesha,,,,,,
162,238,Hevilambi,Dakshinayana,Varsha,Bhadrapada,Shukla,Pournami,Sadabisha,Druthi,Bava,Krishna Paksha Prathama,12:00 p.m -01:30 p.m,07:30 a.m-09:00 a.m,11:47 a.m,1:22 p.m,,,Sowmya,"Yajur Upakarma, Mahalaya Paksha Arambha",Sri Buddhi Hrishikesha,,,,,,
163,239,Hevilambi,Dakshinayana,Varsha,Bhadrapada,Krishna,Prathama,Poorvabadra,Soola,Koulava,Dwithiya,01:30 p.m -03:00 p.m,06:00 a.m-07:30 a.m,11:32 a.m,1:45 p.m,,,Guru,,Sri Buddhi Hrishikesha,,,,,,
164,240,Hevilambi,Dakshinayana,Varsha,Bhadrapada,Krishna,Dwithiya,Uttarabadra,Kanda,Garaja,Truthiya,10:30 a.m-12:00 p.m,06:00 a.m-07:30 a.m,10:48 a.m,1:40 p.m,,,Baargava,,Sri Buddhi Hrishikesha,,,,,,
165,241,Hevilambi,Dakshinayana,Varsha,Bhadrapada,Krishna,Truthiya,Revathi,Vruddhi,Badra,Chaturthi,09:00 a.m -10:30 a.m,01:30 p.m-03:00 p.m,9:38 a.m,01:10 p.m,,,Sthira,,Sri Buddhi Hrishikesha,,,,,,
166,242,Hevilambi,Dakshinayana,Varsha,Bhadrapada,Krishna,Chaturthi,Aswini,Druva,Baala,Panchami,04:30 p.m -06:00 p.m,12:00 p.m-01:30 p.m,8:04 a.m,12:23 p.m,,,Baanu,Mahabharani,Sri Buddhi Hrishikesha,,,,,,
167,243,Hevilambi,Dakshinayana,Varsha,Bhadrapada,Krishna,Shasti,Barani,Vyagadha,Garaja,Shashti,07:30 a.m-09:00 a.m,12:00 p.m-01:30 p.m,3:58 a.m,11:05 p.m,,,Indu,,Sri Buddhi Hrishikesha,,,,,,
168,244,Hevilambi,Dakshinayana,Varsha,Bhadrapada,Krishna,Sapthami,Kruthika,Harshana,Badra,Sapthami,03:00 p.m- 04:30 p.m,09:00 a.m-10:30 p.m,1:39 a.m,9:39 p.m,,,Bowma,,Sri Buddhi Hrishikesha,,,,,,
169,245,Hevilambi,Dakshinayana,Varsha,Bhadrapada,Krishna,Ashtami,Rohini,Vajra,Baala,Ashtami,12:00 p.m -01:30 p.m,07:30 a.m-09:00 a.m,11:14 p.m,8:04 a.m,,,Sowmya,Madhyashtami,Sri Buddhi Hrishikesha,,,,,,
170,246,Hevilambi,Dakshinayana,Varsha,Bhadrapada,Krishna,Navami,Mrugashira,Vyathipada,Thaithila,Navami,01:30 p.m -03:00 p.m,06:00 a.m-07:30 a.m,8:52 p.m,6:20 a.m Arthra 4:50 p.m,,,Guru,,Sri Buddhi Hrishikesha,,,,,,
171,247,Hevilambi,Dakshinayana,Varsha,Bhadrapada,Krishna,Dasami,Punarvasu,Variyan,Vanik,Dasami,10:30 a.m-12:00 p.m,06:00 a.m-07:30 a.m,6:35 p.m,3:18 p.m,,,Baargava,Sri Vidya Payonidhi Theerthar Aradhane (Thirumukoodalu),Sri Buddhi Hrishikesha,,,,,,
172,248,Hevilambi,Dakshinayana,Varsha,Bhadrapada,Krishna,Ekadasi,Pushya,Pariga,Baala,-,09:00 a.m -10:30 a.m,01:30 p.m-03:00 p.m,4:20 p.m,1:54 p.m,,,Sthira,Ekadasi Upavasa,Sri Buddhi Hrishikesha,,,,,,
173,249,Hevilambi,Dakshinayana,Varsha,Bhadrapada,Krishna,Dwadasi,Aslesha,Siva,Thaithila,"Ekadasi, Dwadasi, Trayodasi",04:30 p.m -06:00 p.m,12:00 p.m-01:30 p.m,2:17 p.m,12:41 a.m,,,Baanu,Kanya Sankramana - Kaliyugadhi,Sri Buddhi Hrishikesha,,,,,,
174,250,Hevilambi,Dakshinayana,Varsha,Bhadrapada,Krishna,Trayodasi,Maga,Siddha,Vanik,Chaturdasi,07:30 a.m-09:00 a.m,12:00 p.m-01:30 p.m,12:27 p.m,11:50 p.m,,,Indu,,Sri Buddhi Hrishikesha,,,,,,
175,251,Hevilambi,Dakshinayana,Varsha,Bhadrapada,Krishna,Chaturdasi,Poorvapalguni,Saadhya,Saguni,Amavasya,03:00 p.m- 04:30 p.m,09:00 a.m-10:30 p.m,11:05 a.m,11:23 p.m,,,Bowma,Mahalaya Amavasya - Thilatharpana,Sri Buddhi Hrishikesha,,,,,,
176,252,Hevilambi,Dakshinayana,Varsha,Bhadrapada,Krishna,Amavasya,Uttarapalguni,Subha,Nagavan,Aswija Shukla Prathama,12:00 p.m -01:30 p.m,07:30 a.m-09:00 a.m,10:08 a.m,11:24 p.m,,,Sowmya,Sri Madhava Theerthar Aradhane (Manoor),Sri Buddhi Hrishikesha,,,,,,
177,253,Hevilambi,Dakshinayana,Sarath,Aswija,Shukla,Prathama,Hastha,Sukla,Bava,Dwithiya,01:30 p.m -03:00 p.m,06:00 a.m-07:30 a.m,9:39 a.m,11:53 p.m,,,Guru,Navarathri Arambha,Sri Yagna Padmanabha,,,,,,
178,254,Hevilambi,Dakshinayana,Sarath,Aswija,Shukla,Dwithiya,Siddha,Brahma,kowlava,Truthiya,10:30 a.m-12:00 p.m,06:00 a.m-07:30 a.m,9:41 a.m,12:52 p.m,,,Baargava,,Sri Yagna Padmanabha,,,,,,
179,255,Hevilambi,Dakshinayana,Sarath,Aswija,Shukla,Truthiya,Swathi,Iyndra,Garaja,Chaturthi,09:00 a.m -10:30 a.m,01:30 p.m-03:00 p.m,10:14 a.m,2:20 p.m,,,Sthira,,Sri Yagna Padmanabha,,,,,,
180,256,Hevilambi,Dakshinayana,Sarath,Aswija,Shukla,Chaturthi,Viasaga,Vaidruthi,Badra,Panchami,04:30 p.m -06:00 p.m,12:00 p.m-01:30 p.m,11:18 a.m,4:14 p.m,,,Baanu,,Sri Yagna Padmanabha,,,,,,
181,257,Hevilambi,Dakshinayana,Sarath,Aswija,Shukla,Panchami,Anuradha,Vishkamba,Baala,Shashti,07:30 a.m-09:00 a.m,12:00 p.m-01:30 p.m,12:47 p.m,Full,,,Indu,,Sri Yagna Padmanabha,,,,,,
182,258,Hevilambi,Dakshinayana,Sarath,Aswija,Shukla,Shasti,Anuradha,Preethi,Thaithila,Soonya Thithi,03:00 p.m- 04:30 p.m,09:00 a.m-10:30 p.m,2:37 p.m,6:27 a.m,,,Bowma,,Sri Yagna Padmanabha,,,,,,
183,259,Hevilambi,Dakshinayana,Sarath,Aswija,Shukla,Sapthami,Jyeshta,Ayushman,Vanik,Sapthami,12:00 p.m -01:30 p.m,07:30 a.m-09:00 a.m,4:39 p.m,9:00 a.m,,,Sowmya,Saraswathi Aavahana,Sri Yagna Padmanabha,,,,,,
184,260,Hevilambi,Dakshinayana,Sarath,Aswija,Shukla,Ashtami,Moola,Sowbagya,Bava,Ashtami,01:30 p.m -03:00 p.m,06:00 a.m-07:30 a.m,6:43 p.m,11:37 a.m,,,Guru,Durgashtami,Sri Yagna Padmanabha,,,,,,
185,261,Hevilambi,Dakshinayana,Sarath,Aswija,Shukla,Navami,Poorvashada,Shobhana,Baala,Navami,10:30 a.m-12:00 p.m,06:00 a.m-07:30 a.m,8:38 p.m,2:08 p.m,,,Baargava,"Mahanavami - Saraswathi Pooja, Ayudha Pooja",Sri Yagna Padmanabha,,,,,,
186,262,Hevilambi,Dakshinayana,Sarath,Aswija,Shukla,Dasami,Uttarashada,Athiganda,Thaithila,Dasami,09:00 a.m -10:30 a.m,01:30 p.m-03:00 p.m,10:18 p.m,3:55 p.m,,,Sthira,"Vijayadasami, Buddha Jayanthi, Sri Madhwa Jayanthi",Sri Yagna Padmanabha,,,,,,
187,263,Hevilambi,Dakshinayana,Sarath,Aswija,Shukla,Ekadasi,Sravana,Sukarma,Vanik,-,04:30 p.m -06:00 p.m,12:00 p.m-01:30 p.m,11:33 p.m,6:20 p.m,,,Baanu,Ekadasi Upavasa - Dwithala Vratha Aarambha,Sri Yagna Padmanabha,,,,,,
188,264,Hevilambi,Dakshinayana,Sarath,Aswija,Shukla,Dwadasi,Danishta,Druthi,Bava,"Ekadasi, Dwadasi",07:30 a.m-09:00 a.m,12:00 p.m-01:30 p.m,12:20 p.m,7:49 p.m,,,Indu,Dwadasi Paarane - Harivasara till 6:35 a.m,Sri Yagna Padmanabha,,,,,,
189,265,Hevilambi,Dakshinayana,Sarath,Aswija,Shukla,Trayodasi,Sadabisha,Soola,Koulava,Trayodasi,03:00 p.m- 04:30 p.m,09:00 a.m-10:30 p.m,12:38 p.m,8:49 p.m,,,Bowma,,Sri Yagna Padmanabha,,,,,,
190,266,Hevilambi,Dakshinayana,Sarath,Aswija,Shukla,Chaturdasi,Poorvabadra,Kanda,Garaja,Chaturdasi,12:00 p.m -01:30 p.m,07:30 a.m-09:00 a.m,12:25 p.m,9:19 p.m,,,Sowmya,Sri Rama Tirthar Aradhane (Navabrindavana),Sri Yagna Padmanabha,,,,,,
191,267,Hevilambi,Dakshinayana,Sarath,Aswija,Shukla,Pournami,Uttarabadra,Vrudhi,Badra,Pournami,01:30 p.m -03:00 p.m,06:00 a.m-07:30 a.m,11:42 p.m,9:19 p.m,,,Guru,Kaarthika Snana Aarambha,Sri Yagna Padmanabha,,,,,,
192,268,Hevilambi,Dakshinayana,Sarath,Aswija,Krishna,Prathama,Revathi,Druva,Baala,Prathama,10:30 a.m-12:00 p.m,06:00 a.m-07:30 a.m,10:34 p.m,8:55 p.m,,,Baargava,,Sri Yagna Padmanabha,,,,,,
193,269,Hevilambi,Dakshinayana,Sarath,Aswija,Krishna,Dwithiya,Aswini,Harshana,Thaithila,Dwithiya,09:00 a.m -10:30 a.m,01:30 p.m-03:00 p.m,9:02 p.m,8:07 p.m,,,Sthira,,Sri Yagna Padmanabha,,,,,,
194,270,Hevilambi,Dakshinayana,Sarath,Aswija,Krishna,Truthiya,Barani,Vajra,Vanik,Truthiya,04:30 p.m -06:00 p.m,12:00 p.m-01:30 p.m,7:11 p.m,7:00 p.m,,,Baanu,,Sri Yagna Padmanabha,,,,,,
195,271,Hevilambi,Dakshinayana,Sarath,Aswija,Krishna,Chaturthi,Kruthika,Siddhi,Baala,Chaturthi,07:30 a.m-09:00 a.m,12:00 p.m-01:30 p.m,5:05 p.m,5:37 p.m,,,Indu,,Sri Yagna Padmanabha,,,,,,
196,272,Hevilambi,Dakshinayana,Sarath,Aswija,Krishna,Panchami,Rohini,Vyathipada,Thaithila,"Panchami, Shashti",03:00 p.m- 04:30 p.m,09:00 a.m-10:30 p.m,2:49 p.m,4:04 p.m,,,Bowma,,Sri Yagna Padmanabha,,,,,,
197,273,Hevilambi,Dakshinayana,Sarath,Aswija,Krishna,Shasti,Mrugashira,Variyan,Vanik,Sapthami,12:00 p.m -01:30 p.m,07:30 a.m-09:00 a.m,12:25 p.m,2:23 p.m,,,Sowmya,,Sri Yagna Padmanabha,,,,,,
198,274,Hevilambi,Dakshinayana,Sarath,Aswija,Krishna,Sapthami,Ardhra,Pariga,Bava,Ashtami,01:30 p.m -03:00 p.m,06:00 a.m-07:30 a.m,9:59 a.m,12:44 p.m,,,Guru,,Sri Yagna Padmanabha,,,,,,
199,275,Hevilambi,Dakshinayana,Sarath,Aswija,Krishna,Ashtami,Punarvasu,Siva,Koulava,Navami,10:30 a.m-12:00 p.m,06:00 a.m-07:30 a.m,7:37 a.m Navami 5:27 a.m,11:08 p.m,,,Baargava,,Sri Yagna Padmanabha,,,,,,
200,276,Hevilambi,Dakshinayana,Sarath,Aswija,Krishna,Dasami,Pushya,Sadya,Vanik,Dasami,09:00 a.m -10:30 a.m,01:30 p.m-03:00 p.m,3:30 p.m,9:41 a.m,,,Sthira,,Sri Yagna Padmanabha,,,,,,
201,277,Hevilambi,Dakshinayana,Sarath,Aswija,Krishna,Ekadasi,Ashlesha,Subha,Bava,-,04:30 p.m -06:00 p.m,12:00 p.m-01:30 p.m,1:49 p.m,9:27 a.m,,,Baanu,Ekadasi Upavasa,Sri Yagna Padmanabha,,,,,,
202,278,Hevilambi,Dakshinayana,Sarath,Aswija,Krishna,Dwadasi,Maga,Sukla,Koulava,"Ekadasi, Dwadasi",07:30 a.m-09:00 a.m,12:00 p.m-01:30 p.m,12:30 a.m,7:32 a.m,,,Indu,Dwadasi Paarane - Harivasara till 8:04 a.m,Sri Yagna Padmanabha,,,,,,
203,279,Hevilambi,Dakshinayana,Sarath,Aswija,Krishna,Trayodasi,Poorvapalguni,Brahma,Garaja,Trayodasi,03:00 p.m- 04:30 p.m,09:00 a.m-10:30 p.m,11:25 p.m,6:59 a.m,,,Bowma,Thula Sankramana - Neeru Thumbuva Habba,Sri Yagna Padmanabha,,,,,,
204,280,Hevilambi,Dakshinayana,Sarath,Aswija,Krishna,Chaturdasi,Uttarapalguni,Iyndra,Badra,Chaturdasi,12:00 p.m -01:30 p.m,07:30 a.m-09:00 a.m,11:10 p.m,6:53 a.m,,,Sowmya,"Naraka Chaturdasi - Yama Tharpana, Deepavali",Sri Yagna Padmanabha,,,,,,
205,281,Hevilambi,Dakshinayana,Sarath,Aswija,Krishna,Amavasya,Hastha,Vaidruthi,Chatushpada,Amavasya,01:30 p.m -03:00 p.m,06:00 a.m-07:30 a.m,11:14 p.m,7:16 a.m,,,Guru,Amavasya Thila Tharpana,Sri Yagna Padmanabha,,,,,,
207,282,Hevilambi,Dakshinayana,Sarath,Karthika,Shukla,Prathama,Siddha,Vishkamba,Kimsthugna,Prathama,10:30 a.m-12:00 p.m,06:00 a.m-07:30 a.m,11:50 p.m,8:09 a.m,,,Baargava,"Balipadya, Apyangana, Baleendrana Pooje",Sri Indira Damodara,,,,,,
208,283,Hevilambi,Dakshinayana,Sarath,Karthika,Shukla,Truthiya,Swathi,Preethi,Baala,Dwithiya,09:00 a.m -10:30 a.m,01:30 p.m-03:00 p.m,12:55 p.m,9:32 a.m,,,Sthira,"Yama Dwithiya, Bhojanam at Sister's house, Sri Vidyasamudra Theerthara Aradhane (Sosale)",Sri Indira Damodara,,,,,,
209,284,Hevilambi,Dakshinayana,Sarath,Karthika,Shukla,Truthiya,Visaga,Ayushman,Thaithila,Truthiya,04:30 p.m -06:00 p.m,12:00 p.m-01:30 p.m,2:26 p.m,11:43 p.m,,,Baanu,Pakini Truthiya - Bhojanam at brother's house,Sri Indira Damodara,,,,,,
210,285,Hevilambi,Dakshinayana,Sarath,Karthika,Shukla,Chaturthi,Anuradha,Sowbagya,Vanik,Chaturthi,07:30 a.m-09:00 a.m,12:00 p.m-01:30 p.m,4:41 p.m,1:35 p.m,,,Indu,,Sri Indira Damodara,,,,,,
211,286,Hevilambi,Dakshinayana,Sarath,Karthika,Shukla,Panchami,Jyeshta,Shobana,Bava,Panchami,03:00 p.m- 04:30 p.m,09:00 a.m-10:30 p.m,Full,4:04 p.m,,,Bowma,,Sri Indira Damodara,,,,,,
212,287,Hevilambi,Dakshinayana,Sarath,Karthika,Shukla,Panchami,Moola,Athiganda,Baala,Shashti,12:00 p.m -01:30 p.m,07:30 a.m-09:00 a.m,6:21 a.m,6:41 p.m,,,Sowmya,,Sri Indira Damodara,,,,,,
213,288,Hevilambi,Dakshinayana,Sarath,Karthika,Shukla,Shasti,Poorvashada,Sukarma,Thaithila,Sapthami,01:30 p.m -03:00 p.m,06:00 a.m-07:30 a.m,8:29 a.m,9:14 p.m,,,Guru,,Sri Indira Damodara,,,,,,
214,289,Hevilambi,Dakshinayana,Sarath,Karthika,Shukla,Sapthami,Uttarashada,Druthi,Vanik,Ashtami,10:30 a.m-12:00 p.m,06:00 a.m-07:30 a.m,10:28 a.m,11:35 p.m,,,Baargava,,Sri Indira Damodara,,,,,,
215,290,Hevilambi,Dakshinayana,Sarath,Karthika,Shukla,Ashtami,Sravana,Soola,Bava,Navami,09:00 a.m -10:30 a.m,01:30 p.m-03:00 p.m,12:12 a.m,1:36 a.m,,,Sthira,,Sri Indira Damodara,,,,,,
216,291,Hevilambi,Dakshinayana,Sarath,Karthika,Shukla,Navami,Danishta,Kanda,Koulava,Dasami,04:30 p.m -06:00 p.m,12:00 p.m-01:30 p.m,1:25 p.m,3:11 a.m,,,Baanu,,Sri Indira Damodara,,,,,,
217,292,Hevilambi,Dakshinayana,Sarath,Karthika,Shukla,Dasami,Sadabisha,Vrudhi,Garaja,Soonya Thithi,07:30 a.m-09:00 a.m,12:00 p.m-01:30 p.m,2:15 p.m,4:19 p.m,,,Indu,"Chaturmasa Vratha ends, Sri Vidyavachaspathi Theerthar Aradhane (Thirumookadalu)",Sri Indira Damodara,,,,,,
218,293,Hevilambi,Dakshinayana,Sarath,Karthika,Shukla,Ekadasi,Poorvabadra,Druva,Badra,-,03:00 p.m- 04:30 p.m,09:00 a.m-10:30 p.m,2:34 p.m,4:56 p.m,,,Bowma,"Ekadasi Upavasa - Bheeshmapagna Vratha Aaramba, Sri Lakshmipathi Theerthara Aradhane (Srirangam)",Sri Indira Damodara,,,,,,
219,294,Hevilambi,Dakshinayana,Sarath,Karthika,Shukla,Dwadasi,Uttarabadra,Vyagadha,Baala,"Ekadasi, Dwadasi, Trayodasi",12:00 p.m -01:30 p.m,07:30 a.m-09:00 a.m,2:22 p.m,5:04 a.m,,,Sowmya,"Uthana Dwadasi - Sri Tulasi Sri Krishan Vivaha, Swayambu Manvathi",Sri Indira Damodara,,,,,,
220,295,Hevilambi,Dakshinayana,Sarath,Karthika,Shukla,Trayodasi,Revathi,Harshana,Thaithila,Chaturdasi,01:30 p.m -03:00 p.m,06:00 a.m-07:30 a.m,1:41 p.m,4:45 p.m,,,Guru,Sri Lakshmi Narayana Theerthara Aradhane (Badarikasrama Pravesha),Sri Indira Damodara,,,,,,
221,296,Hevilambi,Dakshinayana,Sarath,Karthika,Shukla,Chaturdasi,Aswini,Vajra,Vanik,Pournami,10:30 a.m-12:00 p.m,06:00 a.m-07:30 a.m,12:34 p.m,4:01 a.m,,,Baargava,,Sri Indira Damodara,,,,,,
222,297,Hevilambi,Dakshinayana,Sarath,Karthika,Shukla,Pournami,Barani,Siddhi,Bava,Krishna Paksha Prathama,09:00 a.m -10:30 a.m,01:30 p.m-03:00 p.m,11:04 a.m,2:58 p.m,,,Sthira,"Kaarthika Snaana Samapthi - Sri Vyasa Pooje, Sri Jayathvaja Theerthar Aradhane (Yaragola)",Sri Indira Damodara,,,,,,
223,298,Hevilambi,Dakshinayana,Sarath,Karthika,Krishna,Prathama,Kruthika,Variyan,Koulava,Dwithiya,04:30 p.m -06:00 p.m,12:00 p.m-01:30 p.m,9:14 a.m,1:38 a.m,,,Baanu,,Sri Indira Damodara,,,,,,
224,299,Hevilambi,Dakshinayana,Sarath,Karthika,Krishna,Dwithiya,Rohini,Pariga,Garaja,Truthiya,07:30 a.m-09:00 a.m,12:00 p.m-01:30 p.m,7:08 a.m Truthiya 4:49 p.m,12:08 p.m,,,Indu,,Sri Indira Damodara,,,,,,
225,300,Hevilambi,Dakshinayana,Sarath,Karthika,Krishna,Chaturthi,Mrugashira,Siva,Bava,Chaturthi,03:00 p.m- 04:30 p.m,09:00 a.m-10:30 p.m,2:28 a.m,10:30 p.m,,,Bowma,,Sri Indira Damodara,,,,,,
226,301,Hevilambi,Dakshinayana,Sarath,Karthika,Krishna,Panchami,Ardhra,Siddha,Koulava,Panchami,12:00 p.m -01:30 p.m,07:30 a.m-09:00 a.m,12:06 a.m,8:50 p.m,,,Sowmya,,Sri Indira Damodara,,,,,,
227,302,Hevilambi,Dakshinayana,Sarath,Karthika,Krishna,Shashti,Punarvasu,Sadya,Garaja,Shashti,01:30 p.m -03:00 p.m,06:00 a.m-07:30 a.m,9:48 p.m,7:14 p.m,,,Guru,,Sri Indira Damodara,,,,,,
228,303,Hevilambi,Dakshinayana,Sarath,Karthika,Krishna,Sapthami,Pushya,Subha,Badra,Sapthami,10:30 a.m-12:00 p.m,06:00 a.m-07:30 a.m,7:38 p.m,5:46 p.m,,,Baargava,,Sri Indira Damodara,,,,,,
229,304,Hevilambi,Dakshinayana,Sarath,Karthika,Krishna,Ashtami,Ashlesha,Brahma,Baala,Ashtami,09:00 a.m -10:30 a.m,01:30 p.m-03:00 p.m,5:42 p.m,4:29 p.m,,,Sthira,,Sri Indira Damodara,,,,,,
230,305,Hevilambi,Dakshinayana,Sarath,Karthika,Krishna,Navami,Maga,Iyndra,Garaja,Navami,04:30 p.m -06:00 p.m,12:00 p.m-01:30 p.m,4:03 p.m,3:31 p.m,,,Baanu,,Sri Indira Damodara,,,,,,
231,306,Hevilambi,Dakshinayana,Sarath,Karthika,Krishna,Dasami,Poorvapalguni,Vaidruthi,Badra,Dasami,07:30 a.m-09:00 a.m,12:00 p.m-01:30 p.m,2:46 p.m,2:53 p.m,,,Indu,,Sri Indira Damodara,,,,,,
232,307,Hevilambi,Dakshinayana,Sarath,Karthika,Krishna,Ekadasi,Uttarapalguni,Vishkamba,Baala,-,03:00 p.m- 04:30 p.m,09:00 a.m-10:30 p.m,1:52 p.m,2:41 p.m,,,Bowma,Ekadasi Upavasa,Sri Indira Damodara,,,,,,
233,308,Hevilambi,Dakshinayana,Sarath,Karthika,Krishna,Dwadasi,Hastha,Preethi,Thaithila,"Ekadasi, Dwadasi",12:00 p.m -01:30 p.m,07:30 a.m-09:00 a.m,1:39 p.m,2:58 p.m,,,Sowmya,,Sri Indira Damodara,,,,,,
234,309,Hevilambi,Dakshinayana,Sarath,Karthika,Krishna,Trayodasi,Siddha,Ayushman,Vanik,Trayodasi,01:30 p.m -03:00 p.m,06:00 a.m-07:30 a.m,1:41 p.m,3:44 p.m,,,Guru,Vrischika Sankramana - Tharpana afternoon,Sri Indira Damodara,,,,,,
235,310,Hevilambi,Dakshinayana,Sarath,Karthika,Krishna,Chaturdasi,Swathi,Sowbagya,sakuni,Chaturdasi,10:30 a.m-12:00 p.m,06:00 a.m-07:30 a.m,2:20 p.m,4:59 p.m,,,Baargava,Sri Padmanabha Theerthar Aradhane (Navabrindavana),Sri Indira Damodara,,,,,,
236,311,Hevilambi,Dakshinayana,Sarath,Karthika,Krishna,Amavasya,Visaga,Shobana,Nagavan,Amavasya,09:00 a.m -10:30 a.m,01:30 p.m-03:00 p.m,3:30 p.m,6:43 p.m,,,Sthira,"Sri Mahipathi Dasara Aradhane (Kakandaki), Amavasya Thilatharpana",Sri Indira Damodara,,,,,,
237,312,Hevilambi,Dakshinayana,Hemantha,Margashira,Shukla,Prathama,Anuradha,Athiganda,Bava,Prathama,04:30 p.m -06:00 p.m,12:00 p.m-01:30 p.m,5:05 p.m,8:51 p.m,,,Baanu,,Sri Kesava,,,,,,
238,313,Hevilambi,Dakshinayana,Hemantha,Margashira,Shukla,Dwithiya,Jyeshta,Sukarma,Koulava,Dwithiya,07:30 a.m-09:00 a.m,12:00 p.m-01:30 p.m,7:00 p.m,11:16 p.m,,,Indu,,Sri Kesava,,,,,,
239,314,Hevilambi,Dakshinayana,Hemantha,Margashira,Shukla,Truthiya,Moola,Truthi,Thaithila,Truthiya,03:00 p.m- 04:30 p.m,09:00 a.m-10:30 p.m,9:07 p.m,1:51 p.m,,,Bowma,Kambalur Sri Ramachandra Theerthar Aradhana (Sampradayavarthakaru) (Rayavellore),Sri Kesava,,,,,,
240,315,Hevilambi,Dakshinayana,Hemantha,Margashira,Shukla,Chaturthi,Poorvashada,Soola,Vanik,Chaturthi,12:00 p.m -01:30 p.m,07:30 a.m-09:00 a.m,11:16 p.m,4:26 p.m,,,Sowmya,,Sri Kesava,,,,,,
241,316,Hevilambi,Dakshinayana,Hemantha,Margashira,Shukla,Panchami,Uttarashada,Kanda,Bava,Panchami,01:30 p.m -03:00 p.m,06:00 a.m-07:30 a.m,1:15 a.m,Full,,,Guru,Sri Sankarshana Wodeyaru Aradhane (Karampoondi) - Wrote Prose to Sri Harikathamruthasara,Sri Kesava,,,,,,
242,317,Hevilambi,Dakshinayana,Hemantha,Margashira,Shukla,Shashti,Uttarashada,vruddhi,Koulava,Shashti,10:30 a.m-12:00 p.m,06:00 a.m-07:30 a.m,2:58 p.m,6:56 a.m,,,Baargava,First Shashti,Sri Kesava,,,,,,
243,318,Hevilambi,Dakshinayana,Hemantha,Margashira,Shukla,Sapthami,Sravana,Druva,Garaja,Sapthami,09:00 a.m -10:30 a.m,01:30 p.m-03:00 p.m,4:15 p.m,9:02 a.m,,,Sthira,,Sri Kesava,,,,,,
244,319,Hevilambi,Dakshinayana,Hemantha,Margashira,Shukla,Ashtami,Danishta,Vyagadha,Badra,Ashtami,04:30 p.m -06:00 p.m,12:00 p.m-01:30 p.m,5:05 a.m,10:44 a.m,,,Baanu,,Sri Kesava,,,,,,
245,320,Hevilambi,Dakshinayana,Hemantha,Margashira,Shukla,Navami,Sadabisha,Harshana,Baala,Navami,07:30 a.m-09:00 a.m,12:00 p.m-01:30 p.m,5:25 a.m,11:58 p.m,,,Indu,Sri Vidyavallabha Theertharu Aradhane (Thirumookadalu),Sri Kesava,,,,,,
246,321,Hevilambi,Dakshinayana,Hemantha,Margashira,Shukla,Dasami,Poorvabadra,Vajra,Thaithila,Dasami,03:00 p.m- 04:30 p.m,09:00 a.m-10:30 p.m,5:11 a.m,12:43 p.m,,,Bowma,,Sri Kesava,,,,,,
247,322,Hevilambi,Dakshinayana,Hemantha,Margashira,Shukla,Ekadasi,Uttarabadra,Siddhi,Vanik,Ekadasi,12:00 p.m -01:30 p.m,07:30 a.m-09:00 a.m,4:29 a.m,12:55 p.m,,,Sowmya,Dasami Acharane,Sri Kesava,,,,,,
248,323,Hevilambi,Dakshinayana,Hemantha,Margashira,Shukla,Dwadasi,Revathi,vyathipada,Bava,-,01:30 p.m -03:00 p.m,06:00 a.m-07:30 a.m,3:23 p.m,12:43 p.m,,,Guru,Ekadasi Upavasa - Geetha Jayanthi,Sri Kesava,,,,,,
249,324,Hevilambi,Dakshinayana,Hemantha,Margashira,Shukla,Trayodasi,Aswini,Variyan,Koulava,"Dwadasi, Trayodasi",10:30 a.m-12:00 p.m,06:00 a.m-07:30 a.m,1:52 a.m,12:05 p.m,,,Baargava,,Sri Kesava,,,,,,
250,325,Hevilambi,Dakshinayana,Hemantha,Margashira,Shukla,Chaturdasi,Barani,Pariga,Garaja,Chaturdasi,09:00 a.m -10:30 a.m,01:30 p.m-03:00 p.m,12:02 a.m,11:07 p.m,,,Sthira,,Sri Kesava,,,,,,
251,326,Hevilambi,Dakshinayana,Hemantha,Margashira,Shukla,Pournami,Kruthika,Siva,Badra,Pournami,04:30 p.m -06:00 p.m,12:00 p.m-01:30 p.m,9:58 p.m,9:51 a.m,,,Baanu,Sri Vidyaprasanna Theerthara Aradhane  (Sosale),Sri Kesava,,,,,,
252,327,Hevilambi,Dakshinayana,Hemantha,Margashira,Krishna,Prathama,Rohini,Siddha,Baala,Prathama,07:30 a.m-09:00 a.m,12:00 p.m-01:30 p.m,7:43 p.m,8:22 a.m,,,Indu,,Sri Kesava,,,,,,
253,328,Hevilambi,Dakshinayana,Hemantha,Margashira,Krishna,Dwithiya,Mrugashira,Subha,Thaithila,Dwithiya,03:00 p.m- 04:30 p.m,09:00 a.m-10:30 p.m,5:23 p.m,6:44 a.m,,,Bowma,,Sri Kesava,,,,,,
254,329,Hevilambi,Dakshinayana,Hemantha,Margashira,Krishna,Truthiya,Punarvasu,Shukla,Badra,"Truthiya, Chaturthi",12:00 p.m -01:30 p.m,07:30 a.m-09:00 a.m,3:02 p.m,3:26 p.m,,,Sowmya,,Sri Kesava,,,,,,
255,330,Hevilambi,Dakshinayana,Hemantha,Margashira,Krishna,Chaturthi,Pushya,Brahma,Baala,Panchami,01:30 p.m -03:00 p.m,06:00 a.m-07:30 a.m,12:44 p.m,1:56 p.m,,,Guru,,Sri Kesava,,,,,,
256,331,Hevilambi,Dakshinayana,Hemantha,Margashira,Krishna,Panchami,Ashlesha,Iyndra,Thaithila,Shashti,10:30 a.m-12:00 p.m,06:00 a.m-07:30 a.m,10:37 a.m,12:38 p.m,,,Baargava,Sri Akshobhya Theerthara Aradhane (Malakheda),Sri Kesava,,,,,,
257,332,Hevilambi,Dakshinayana,Hemantha,Margashira,Krishna,Shashti,Maga,Vaidruthi,Vanik,Sapthami,09:00 a.m -10:30 a.m,01:30 p.m-03:00 p.m,8:41 a.m,11:35 p.m,,,Sthira,,Sri Kesava,,,,,,
258,333,Hevilambi,Dakshinayana,Hemantha,Margashira,Krishna,Sapthami,Poorvapalguni,Vishkamba,Bava,Ashtami,04:30 p.m -06:00 p.m,12:00 p.m-01:30 p.m,Sapthami 7:05 a.m Ashtami 5:58 a.m,10:55 p.m,,,Baanu,,Sri Kesava,,,,,,
259,334,Hevilambi,Dakshinayana,Hemantha,Margashira,Krishna,Navami,Uttarapalguni,Preethi,Thaithila,Navami,07:30 a.m-09:00 a.m,12:00 p.m-01:30 p.m,5:10 a.m,10:37 p.m,,,Indu,,Sri Kesava,,,,,,
260,335,Hevilambi,Dakshinayana,Hemantha,Margashira,Krishna,Dasami,Hastha,Sowbagya,Vanik,Dasami,03:00 p.m- 04:30 p.m,09:00 a.m-10:30 p.m,4:52 p.m,10:46 p.m,,,Bowma,,Sri Kesava,,,,,,
261,336,Hevilambi,Dakshinayana,Hemantha,Margashira,Krishna,Ekadasi,Siddha,Shobana,Bava,Ekadasi,12:00 p.m -01:30 p.m,07:30 a.m-09:00 a.m,5:04 a.m,11:25 p.m,,,Sowmya,Dasami Acharane,Sri Kesava,,,,,,
262,337,Hevilambi,Dakshinayana,Hemantha,Margashira,Krishna,Dwadasi,Swathi,Athiganda,Koulava,-,01:30 p.m -03:00 p.m,06:00 a.m-07:30 a.m,5:47 a.m,12:34 p.m,,,Guru,Ekadasi Upavasa,Sri Kesava,,,,,,
263,338,Hevilambi,Dakshinayana,Hemantha,Margashira,Krishna,Trayodasi,Visaga,Sukarma,Garaja,"Dwadasi, Trayodasi",10:30 a.m-12:00 p.m,06:00 a.m-07:30 a.m,Full,2:11 p.m,,,Baargava,,Sri Kesava,,,,,,
264,339,Hevilambi,Dakshinayana,Hemantha,Margashira,Krishna,Trayodasi,Anuradha,Truthi,Vanik,Chaturdasi,09:00 a.m -10:30 a.m,01:30 p.m-03:00 p.m,6:55 a.m,4:13 p.m,,,Sthira,Dhanur Sankramana - Tharpana after 11 a.m,Sri Kesava,,,,,,
265,340,Hevilambi,Dakshinayana,Hemantha,Margashira,Krishna,Chaturdasi,Jyeshta,Soola,sakuni,Amavasya,04:30 p.m -06:00 p.m,12:00 p.m-01:30 p.m,8:34 a.m,6:35 a.m,,,Baanu,Dhanurmasa Pooja Arambha,Sri Kesava,,,,,,
266,341,Hevilambi,Dakshinayana,Hemantha,Margashira,Krishna,Amavasya,Moola,Kanda,Nagavan,Pushya Shukla Prathama,07:30 a.m-09:00 a.m,12:00 p.m-01:30 p.m,10:34 a.m,Full,,,Indu,"Amavasya Thila Tharpana, Sri Hanumantha Jayanthi in Tamilnadu",Sri Kesava,,,,,,
267,342,Hevilambi,Dakshinayana,Hemantha,Pushya,Shukla,Prathama,Moola,Vridhi,Bava,Dwithiya,03:00 p.m- 04:30 p.m,09:00 a.m-10:30 p.m,12:43 p.m,9:10 a.m,,,Bowma,,Sri Lakshmi Narayana,,,,,,
268,343,Hevilambi,Dakshinayana,Hemantha,Pushya,Shukla,Dwithiya,Poorvashada,Dhruva,Koulava,Soonya Thithi,12:00 p.m -01:30 p.m,07:30 a.m-09:00 a.m,2:54 p.m,11:47 a.m,,,Sowmya,Sri Jagannatha Theerthara Aradhane (Kumbakonam) (Bhashya Deepikacharyar),Sri Lakshmi Narayana,,,,,,
269,344,Hevilambi,Dakshinayana,Hemantha,Pushya,Shukla,Truthiya,Uttarashada,Vyagadha,Garaja,Truthiya,01:30 p.m -03:00 p.m,06:00 a.m-07:30 a.m,4:53 p.m,2:15 p.m,,,Guru,,Sri Lakshmi Narayana,,,,,,
270,345,Hevilambi,Dakshinayana,Hemantha,Pushya,Shukla,Chaturthi,Sravana,Harshana,Badra,Chaturthi,10:30 a.m-12:00 p.m,06:00 a.m-07:30 a.m,6:35 p.m,4:27 p.m,,,Baargava,Sri Srinadha Theerthara Aradhane (Thirumookadalu),Sri Lakshmi Narayana,,,,,,
271,346,Hevilambi,Dakshinayana,Hemantha,Pushya,Shukla,Panchami,Dhanishta,Vajra,Bava,Panchami,09:00 a.m -10:30 a.m,01:30 p.m-03:00 p.m,7:52 p.m,6:14 p.m,,,Sthira,Sri Lakshmi Vallabha Theerthara Aradhane (Belur),Sri Lakshmi Narayana,,,,,,
272,347,Hevilambi,Dakshinayana,Hemantha,Pushya,Shukla,Shashti,Sadabisha,Siddhi,Koulava,Shashti,04:30 p.m -06:00 p.m,12:00 p.m-01:30 p.m,8:40 p.m,7:35 p.m,,,Baanu,2nd Shashti,Sri Lakshmi Narayana,,,,,,
273,348,Hevilambi,Dakshinayana,Hemantha,Pushya,Shukla,Sapthami,Poorvabadra,Vyathipada,Garaja,Sapthami,07:30 a.m-09:00 a.m,12:00 p.m-01:30 p.m,8:56 p.m,8:26 p.m,,,Indu,,Sri Lakshmi Narayana,,,,,,
274,349,Hevilambi,Dakshinayana,Hemantha,Pushya,Shukla,Ashtami,Uttarabadra,Variyan,Badra,Ashtami,03:00 p.m- 04:30 p.m,09:00 a.m-10:30 p.m,8:43 p.m,8:48 p.m,,,Bowma,,Sri Lakshmi Narayana,,,,,,
275,350,Hevilambi,Dakshinayana,Hemantha,Pushya,Shukla,Navami,Revathi,Pariga,Balava,Navami,12:00 p.m -01:30 p.m,07:30 a.m-09:00 a.m,8:00 p.m,8:41 p.m,,,Sowmya,,Sri Lakshmi Narayana,,,,,,
276,351,Hevilambi,Dakshinayana,Hemantha,Pushya,Shukla,Dasami,Aswini,Siva,Thaithila,Dasami,01:30 p.m -03:00 p.m,06:00 a.m-07:30 a.m,6:52 p.m,8:10 p.m,,,Guru,,Sri Lakshmi Narayana,,,,,,
277,352,Hevilambi,Dakshinayana,Hemantha,Pushya,Shukla,Ekadasi,Barani,Siddha,Badra,-,10:30 a.m-12:00 p.m,06:00 a.m-07:30 a.m,5:20 p.m,7:15 p.m,,,Baargava,"Vaikunta Ekadasi, Sri Ragothama Theerthara Aradhane (Manampoondi/Thirukovilur)",Sri Lakshmi Narayana,,,,,,
278,353,Hevilambi,Dakshinayana,Hemantha,Pushya,Shukla,Dwadasi,Kruthika,Sadya,Baalava,"Ekadasi, Dwadasi",09:00 a.m -10:30 a.m,01:30 p.m-03:00 p.m,3:30 p.m,6:04 p.m,,,Sthira,,Sri Lakshmi Narayana,,,,,,
279,354,Hevilambi,Dakshinayana,Hemantha,Pushya,Shukla,Trayodasi,Rohini,Subha,Thaithila,"Trayodasi, Chaturdasi",04:30 p.m -06:00 p.m,12:00 p.m-01:30 p.m,1:25 p.m,4:38 p.m,,,Baanu,,Sri Lakshmi Narayana,,,,,,
280,355,Hevilambi,Dakshinayana,Hemantha,Pushya,Shukla,Chaturdasi,Mrugashira,Shukla,Vanik,Pournami,07:30 a.m-09:00 a.m,12:00 p.m-01:30 p.m,9:10 a.m,3:02 p.m,,,Indu,,Sri Lakshmi Narayana,,,,,,
281,356,Hevilambi,Dakshinayana,Hemantha,Pushya,Shukla,Pournami,Ardhra,Brahma,Bava,Krishna Paksha Prathama,03:00 p.m- 04:30 p.m,09:00 a.m-10:30 p.m,8:50 a.m,1:23 p.m,,,Bowma,Magha Snana Arambha,Sri Lakshmi Narayana,,,,,,
282,357,Hevilambi,Dakshinayana,Hemantha,Pushya,Krishna,Dwithiya,Punarvasu,Vaidruthi,Thaithila,Dwithiya,12:00 p.m -01:30 p.m,07:30 a.m-09:00 a.m,4:13 p.m,11:44 a.m,,,Sowmya,,Sri Lakshmi Narayana,,,,,,
283,358,Hevilambi,Dakshinayana,Hemantha,Pushya,Krishna,Truthiya,Pushya,Vishkamba,Vanik,Truthiya,01:30 p.m -03:00 p.m,06:00 a.m-07:30 a.m,2:09 a.m,10:11 a.m,,,Guru,,Sri Lakshmi Narayana,,,,,,
284,359,Hevilambi,Dakshinayana,Hemantha,Pushya,Krishna,Chaturthi,Ashlesha,Preethi,Bava,Chaturthi,10:30 a.m-12:00 p.m,06:00 a.m-07:30 a.m,12:17 a.m,8:49 a.m,,,Baargava,,Sri Lakshmi Narayana,,,,,,
285,360,Hevilambi,Dakshinayana,Hemantha,Pushya,Krishna,Panchami,Maga,ayushman,Bava,Panchami,09:00 a.m -10:30 a.m,01:30 p.m-03:00 p.m,10:44 p.m,7:40 a.m,,,Sthira,,Sri Lakshmi Narayana,,,,,,
286,361,Hevilambi,Dakshinayana,Hemantha,Pushya,Krishna,Shashti,Poorvapalguni,Sowbagya,Garaja,Shashti,04:30 p.m -06:00 p.m,12:00 p.m-01:30 p.m,9:34 p.m,6:52 a.m Uttarapalguni 6:34 a.m,,,Baanu,,Sri Lakshmi Narayana,,,,,,
287,362,Hevilambi,Dakshinayana,Hemantha,Pushya,Krishna,Sapthami,Hastha,Shobhana,Badra,Sapthami,07:30 a.m-09:00 a.m,12:00 p.m-01:30 p.m,8:49 p.m,6:36 a.m,,,Indu,Sri Narahari Theerthara Aradhane (Hampi),Sri Lakshmi Narayana,,,,,,
288,363,Hevilambi,Dakshinayana,Hemantha,Pushya,Krishna,Ashtami,Siddha,Athiganda,Baala,Ashtami,03:00 p.m- 04:30 p.m,09:00 a.m-10:30 p.m,8:34 p.m,Full,,,Bowma,Sri Gopala Dasara Aradhane (Uthanur),Sri Lakshmi Narayana,,,,,,
289,364,Hevilambi,Dakshinayana,Hemantha,Pushya,Krishna,Navami,Siddha,Sukarma,Thaithila,Navami,12:00 p.m -01:30 p.m,07:30 a.m-09:00 a.m,8:45 p.m,7:05 a.m,,,Sowmya,,Sri Lakshmi Narayana,,,,,,
290,365,Hevilambi,Dakshinayana,Hemantha,Pushya,Krishna,Dasami,Swathi,Truthi,Vanik,Dasami,01:30 p.m -03:00 p.m,06:00 a.m-07:30 a.m,9:35 p.m,8:06 a.m,,,Guru,,Sri Lakshmi Narayana,,,,,,
291,1,Hevilambi,Dakshinayana,Hemantha,Pushya,Krishna,Ekadasi,Visaga,Soola,Bava,-,10:30 a.m-12:00 p.m,06:00 a.m-07:30 a.m,10:50 p.m,9:38 a.m,,,Baargava,Ekadasi Upavasa,Sri Lakshmi Narayana,,,,,,
292,2,Hevilambi,Dakshinayana,Hemantha,Pushya,Krishna,Dwadasi,Anuradha,Kanda,Koulava,"Ekadasi, Dwadasi",09:00 a.m -10:30 a.m,01:30 p.m-03:00 p.m,12:29 a.m,11:36 a.m,,,Sthira,Dwadasi Parane - Dhanur Maasa Pooje Ends,Sri Lakshmi Narayana,,,,,,
293,3,Hevilambi,Dakshinayana,Hemantha,Pushya,Krishna,Trayodasi,Jyeshta,Vridhi,Garaja,Trayodasi,04:30 p.m -06:00 p.m,12:00 p.m-01:30 p.m,2:29 a.m,1:56 p.m,,,Baanu,Makara Sankramana - Bhogi,Sri Lakshmi Narayana,,,,,,
294,4,Hevilambi,Uttarayana,Hemantha,Pushya,Krishna,Chaturdasi,Moola,Druva,Badra,Chaturdasi,07:30 a.m-09:00 a.m,12:00 p.m-01:30 p.m,4:24 a.m,4:26 p.m,,,Indu,Uttarayana Punya Kaala - Tharpana till 11:12 a.m,Sri Lakshmi Narayana,,,,,,
295,5,Hevilambi,Uttarayana,Hemantha,Pushya,Krishna,Amavasya,Poorvashada,Vyagadha,Chatushpada,Amavasya,03:00 p.m- 04:30 p.m,09:00 a.m-10:30 p.m,6:48 a.m,7:06 p.m,,,Bowma,"Amavasya Thila tharpana, Sri Purandara Dasara Aradhane (Hampi)",Sri Lakshmi Narayana,,,,,,
296,6,Hevilambi,Uttarayana,Sisira,Magha,Shukla,Prathama,Uttarashada,Harshana,Kimsthugna,Prathama,12:00 p.m -01:30 p.m,07:30 a.m-09:00 a.m,Full,9:36 p.m,,,Sowmya,,Sri Kamala Madhava,,,,,,
297,7,Hevilambi,Uttarayana,Sisira,Magha,Shukla,Prathama,Sravana,Vajra,Bava,Dwithiya,01:30 p.m -03:00 p.m,06:00 a.m-07:30 a.m,8:49 a.m,11:52 p.m,,,Guru,,Sri Kamala Madhava,,,,,,
298,8,Hevilambi,Uttarayana,Sisira,Magha,Shukla,Dwithiya,Dhanishta,Siddhi,Koulava,Truthiya,10:30 a.m-12:00 p.m,06:00 a.m-07:30 a.m,10:29 a.m,1:46 a.m,,,Baargava,,Sri Kamala Madhava,,,,,,
299,9,Hevilambi,Uttarayana,Sisira,Magha,Shukla,Truthiya,Sadabisha,Vyathipada,Garaja,Chaturthi,09:00 a.m -10:30 a.m,01:30 p.m-03:00 p.m,11:42 a.m,3:13 p.m,,,Sthira,,Sri Kamala Madhava,,,,,,
300,10,Hevilambi,Uttarayana,Sisira,Magha,Shukla,Chaturthi,Poorvabadra,Variyan,Badra,Panchami,04:30 p.m -06:00 p.m,12:00 p.m-01:30 p.m,12:26 p.m,4:11 p.m,,,Baanu,,Sri Kamala Madhava,,,,,,
301,11,Hevilambi,Uttarayana,Sisira,Magha,Shukla,Panchami,Uttarabadra,Pariga,Baala,Shashti,07:30 a.m-09:00 a.m,12:00 p.m-01:30 p.m,12:40 p.m,4:39 p.m,,,Indu,,Sri Kamala Madhava,,,,,,
302,12,Hevilambi,Uttarayana,Sisira,Magha,Shukla,Shashti,Revathi,Siva,Thaithila,Sapthami,03:00 p.m- 04:30 p.m,09:00 a.m-10:30 p.m,12:23 p.m,4:35 p.m,,,Bowma,3rd Shashti,Sri Kamala Madhava,,,,,,
303,13,Hevilambi,Uttarayana,Sisira,Magha,Shukla,Sapthami,Aswini,Sadya,Vanik,Ashtami,12:00 p.m -01:30 p.m,07:30 a.m-09:00 a.m,11:32 a.m,4:10 p.m,,,Sowmya,Ratha Sapthami,Sri Kamala Madhava,,,,,,
304,14,Hevilambi,Uttarayana,Sisira,Magha,Shukla,Ashtami,Barani,Subha,Bava,Navami,01:30 p.m -03:00 p.m,06:00 a.m-07:30 a.m,10:26 a.m,3:22 p.m,,,Guru,Bheeshmashtami,Sri Kamala Madhava,,,,,,
305,15,Hevilambi,Uttarayana,Sisira,Magha,Shukla,Navami,Kruthika,Sukla,Koulava,Dasami,10:30 a.m-12:00 p.m,06:00 a.m-07:30 a.m,8:52 a.m,2:13 p.m,,,Baargava,Sri Madhva Navami,Sri Kamala Madhava,,,,,,
306,16,Hevilambi,Uttarayana,Sisira,Magha,Shukla,Dasami,Rohini,Brahma,Garaja,Ekadasi,09:00 a.m -10:30 a.m,01:30 p.m-03:00 p.m,6:59 a.m,12:50 a.m,,,Sthira,,Sri Kamala Madhava,,,,,,
307,17,Hevilambi,Uttarayana,Sisira,Magha,Shukla,Dwadasi,Mrugashira,Iyndra,Bava,-,04:30 p.m -06:00 p.m,12:00 p.m-01:30 p.m,2:33 a.m,11:17 p.m,,,Baanu,Ekadasi Upavasa,Sri Kamala Madhava,,,,,,
308,18,Hevilambi,Uttarayana,Sisira,Magha,Shukla,Trayodasi,Ardhra,Vaidruthi,Koulava,"Ekadasi, Dwadasi, Trayodasi",07:30 a.m-09:00 a.m,12:00 p.m-01:30 p.m,12:11 a.m,9:38 p.m,,,Indu,,Sri Kamala Madhava,,,,,,
309,19,Hevilambi,Uttarayana,Sisira,Magha,Shukla,Chaturdasi,Punarvasu,Vishkamba,Garaja,Chaturdasi,03:00 p.m- 04:30 p.m,09:00 a.m-10:30 p.m,9:51 p.m,7:59 p.m,,,Bowma,,Sri Kamala Madhava,,,,,,
310,20,Hevilambi,Uttarayana,Sisira,Magha,Shukla,Pournami,Pushya,Preethi,Badra,Pournami,12:00 p.m -01:30 p.m,07:30 a.m-09:00 a.m,7:35 p.m,6:24 p.m,,,Sowmya,Chandra Grahana - Magha Snana Ends,Sri Kamala Madhava,,,,,,
311,21,Hevilambi,Uttarayana,Sisira,Magha,Krishna,Prathama,Ashlesha,sowbhagya,Koulava,Prathama,01:30 p.m -03:00 p.m,06:00 a.m-07:30 a.m,5:30 p.m,5:00 p.m,,,Guru,,Sri Kamala Madhava,,,,,,
312,22,Hevilambi,Uttarayana,Sisira,Magha,Krishna,Dwithiya,Maga,Shobhana,Garaja,Dwithiya,10:30 a.m-12:00 p.m,06:00 a.m-07:30 a.m,3:38 p.m,3:49 p.m,,,Baargava,,Sri Kamala Madhava,,,,,,
313,23,Hevilambi,Uttarayana,Sisira,Magha,Krishna,Truthiya,Poorvabadra,Athiganda,Badra,"Truthiya, Chaturthi",09:00 a.m -10:30 a.m,01:30 p.m-03:00 p.m,2:06 p.m,2:56 p.m,,,Sthira,,Sri Kamala Madhava,,,,,,
314,24,Hevilambi,Uttarayana,Sisira,Magha,Krishna,Chaturthi,Uttarabadra,Sukarma,Baala,Panchami,04:30 p.m -06:00 p.m,12:00 p.m-01:30 p.m,12:56 p.m,2:26 p.m,,,Baanu,,Sri Kamala Madhava,,,,,,
315,25,Hevilambi,Uttarayana,Sisira,Magha,Krishna,Panchami,Hastha,druthi,Thaithila,Shashti,07:30 a.m-09:00 a.m,12:00 p.m-01:30 p.m,12:12 p.m,2:22 p.m,,,Indu,,Sri Kamala Madhava,,,,,,
316,26,Hevilambi,Uttarayana,Sisira,Magha,Krishna,Shashti,Siddha,Soola,Vanik,Sapthami,03:00 p.m- 04:30 p.m,09:00 a.m-10:30 p.m,11:58 a.m,2:47 p.m,,,Bowma,,Sri Kamala Madhava,,,,,,
317,27,Hevilambi,Uttarayana,Sisira,Magha,Krishna,Sapthami,Swathi,Kanda,Bava,Ashtami,12:00 p.m -01:30 p.m,07:30 a.m-09:00 a.m,12:11 p.m,3:39 p.m,,,Sowmya,,Sri Kamala Madhava,,,,,,
318,28,Hevilambi,Uttarayana,Sisira,Magha,Krishna,Ashtami,Visaga,vruddhi,Koulava,Navami,01:30 p.m -03:00 p.m,06:00 a.m-07:30 a.m,1:02 p.m,5:07 p.m,,,Guru,,Sri Kamala Madhava,,,,,,
319,29,Hevilambi,Uttarayana,Sisira,Magha,Krishna,Navami,Anuradha,Druva,Garaja,Soonya Thithi,10:30 a.m-12:00 p.m,06:00 a.m-07:30 a.m,2:19 p.m,6:58 p.m,,,Baargava,,Sri Kamala Madhava,,,,,,
320,30,Hevilambi,Uttarayana,Sisira,Magha,Krishna,Dasami,Jyeshta,Vyagadha,Badra,Dasami,09:00 a.m -10:30 a.m,01:30 p.m-03:00 p.m,3:59 p.m,9:21 p.m,,,Sthira,,Sri Kamala Madhava,,,,,,
321,31,Hevilambi,Uttarayana,Sisira,Magha,Krishna,Ekadasi,Moola,Harshana,Baala,-,04:30 p.m -06:00 p.m,12:00 p.m-01:30 p.m,6:00 p.m,11:41 p.m,,,Baanu,Ekadasi Upavasa,Sri Kamala Madhava,,,,,,
322,32,Hevilambi,Uttarayana,Sisira,Magha,Krishna,Dwadasi,Poorvashada,Vajra,Koulava,"Ekadasi, Dwadasi",07:30 a.m-09:00 a.m,12:00 p.m-01:30 p.m,4:08 p.m,2:17 a.m,,,Indu,,Sri Kamala Madhava,,,,,,
323,33,Hevilambi,Uttarayana,Sisira,Magha,Krishna,Trayodasi,Uttarashada,Siddhi,Garaja,Trayodasi,03:00 p.m- 04:30 p.m,09:00 a.m-10:30 p.m,10:45 p.m,4:50 a.m,,,Bowma,", Mahasivarathri, Sri Vishnu Theerthara Aradhane (Madhanur)",Sri Kamala Madhava,,,,,,
324,34,Hevilambi,Uttarayana,Sisira,Magha,Krishna,Chaturdasi,Sravana,Vyathipada,Badra,Chaturdasi,12:00 p.m -01:30 p.m,07:30 a.m-09:00 a.m,12:10 a.m,Full,,,Sowmya,,Sri Kamala Madhava,,,,,,
325,35,Hevilambi,Uttarayana,Sisira,Magha,Krishna,Amavasya,Sravana,Variyan,Chatushman,Amavasya,01:30 p.m -03:00 p.m,06:00 a.m-07:30 a.m,1:46 a.m,7:14 p.m,,,Guru,"Amavasya - Thila Tharpanam, Day when Sri Vyasarajar did Kuha Yoga Parihara for Krishnadevaraya",Sri Kamala Madhava,,,,,,
326,36,Hevilambi,Uttarayana,Sisira,Phalguna,Shukla,Prathama,Danishta,Pariga,Kimsthugna,Prathama,10:30 a.m-12:00 p.m,06:00 a.m-07:30 a.m,2:56 a.m,9:14 p.m,,,Baargava,,Sri Padma Govinda,,,,,,
327,37,Hevilambi,Uttarayana,Sisira,Phalguna,Shukla,Dwithiya,Sadabisha,Siva,Baalava,Dwithiya,09:00 a.m -10:30 a.m,01:30 p.m-03:00 p.m,3:38 a.m,10:48 a.m,,,Sthira,Sri Raghavendra Swami Pattabhisheka,Sri Padma Govinda,,,,,,
328,38,Hevilambi,Uttarayana,Sisira,Phalguna,Shukla,Truthiya,Poorvabadra,Siddha,Thaithila,Truthiya,04:30 p.m -06:00 p.m,12:00 p.m-01:30 p.m,3:37 a.m,11:51 p.m,,,Baanu,,Sri Padma Govinda,,,,,,
329,39,Hevilambi,Uttarayana,Sisira,Phalguna,Shukla,Chaturthi,Uttarabadra,Sadya,Vanik,Chaturthi,07:30 a.m-09:00 a.m,12:00 p.m-01:30 p.m,3:26 a.m,12:25 p.m,,,Indu,,Sri Padma Govinda,,,,,,
330,40,Hevilambi,Uttarayana,Sisira,Phalguna,Shukla,Panchami,Revathi,Subha,Bava,Panchami,03:00 p.m- 04:30 p.m,09:00 a.m-10:30 p.m,2:37 a.m,12:31 p.m,,,Bowma,,Sri Padma Govinda,,,,,,
331,41,Hevilambi,Uttarayana,Sisira,Phalguna,Shukla,Shashti,Aswini,Shukla,Koulava,Shashti,12:00 p.m -01:30 p.m,07:30 a.m-09:00 a.m,1:22 a.m,12:10 p.m,,,Sowmya,,Sri Padma Govinda,,,,,,
332,42,Hevilambi,Uttarayana,Sisira,Phalguna,Shukla,Sapthami,Barani,Brahma,Garaja,Sapthami,01:30 p.m -03:00 p.m,06:00 a.m-07:30 a.m,11:44 p.m,11:25 a.m,,,Guru,Sri Raghavendra Swami Vardhanti Utsava,Sri Padma Govinda,,,,,,
333,43,Hevilambi,Uttarayana,Sisira,Phalguna,Shukla,Ashtami,Kruthika,Vaidruthi,Badra,Ashtami,10:30 a.m-12:00 p.m,06:00 a.m-07:30 a.m,9:50 p.m,10:20 a.m,,,Baargava,,Sri Padma Govinda,,,,,,
334,44,Hevilambi,Uttarayana,Sisira,Phalguna,Shukla,Navami,Rohini,Vishkamba,Baala,Navami,09:00 a.m -10:30 a.m,01:30 p.m-03:00 p.m,7:41 p.m,8:59 a.m,,,Sthira,,Sri Padma Govinda,,,,,,
335,45,Hevilambi,Uttarayana,Sisira,Phalguna,Shukla,Dasami,Mrugashira,Preethi,Garaja,Dasami,04:30 p.m -06:00 p.m,12:00 p.m-01:30 p.m,5:23 a.m,7:25 p.m,,,Baanu,,Sri Padma Govinda,,,,,,
336,46,Hevilambi,Uttarayana,Sisira,Phalguna,Shukla,Ekadasi,Punarvasu,Ayushman,Badra,-,07:30 a.m-09:00 a.m,12:00 p.m-01:30 p.m,3:01 p.m,4:06 a.m,,,Indu,Ekadasi Upavasa,Sri Padma Govinda,,,,,,
337,47,Hevilambi,Uttarayana,Sisira,Phalguna,Shukla,Dwadasi,Pushya,Sowbagya,Baala,"Ekadasi, Dwadasi, Trayodasi",03:00 p.m- 04:30 p.m,09:00 a.m-10:30 p.m,12:37 p.m,2:30 a.m,,,Bowma,,Sri Padma Govinda,,,,,,
338,48,Hevilambi,Uttarayana,Sisira,Phalguna,Shukla,Trayodasi,Ashlesha,Shobana,Thaithila,Chaturdasi,12:00 p.m -01:30 p.m,07:30 a.m-09:00 a.m,10:20 a.m,1:02 a.m,,,Sowmya,,Sri Padma Govinda,,,,,,
339,49,Hevilambi,Uttarayana,Sisira,Phalguna,Shukla,Chaturdasi,Maga,Athiganda,Vanik,Pournami,01:30 p.m -03:00 p.m,06:00 a.m-07:30 a.m,8:11 a.m,11:47 p.m,,,Guru,Holi,Sri Padma Govinda,,,,,,
340,50,Hevilambi,Uttarayana,Sisira,Phalguna,Krishna,Prathama,Poorvapalguni,Truthi,Baala,Prathama,10:30 a.m-12:00 p.m,06:00 a.m-07:30 a.m,4:52 a.m,10:51 p.m,,,Baargava,,Sri Padma Govinda,,,,,,
341,51,Hevilambi,Uttarayana,Sisira,Phalguna,Krishna,Dwithiya,Uttarapalguni,Soola,Thaithila,Dwithiya,09:00 a.m -10:30 a.m,01:30 p.m-03:00 p.m,3:43 a.m,10:16 p.m,,,Sthira,Sri Sudheendra Theerthara Aradhane (Navabrindavana),Sri Padma Govinda,,,,,,
342,52,Hevilambi,Uttarayana,Sisira,Phalguna,Krishna,Truthiya,Hastha,Kanda,Vanik,Truthiya,04:30 p.m -06:00 p.m,12:00 p.m-01:30 p.m,3:01 a.m,10:05 p.m,,,Baanu,"Sri Vadiraja Swamigala Aradhane (Sode), Sri Vyasaraja Swamigala Poorvaradhane",Sri Padma Govinda,,,,,,
343,53,Hevilambi,Uttarayana,Sisira,Phalguna,Krishna,Chaturthi,Siddha,Vruddhi,Bava,Chaturthi,07:30 a.m-09:00 a.m,12:00 p.m-01:30 p.m,2:47 a.m,10:23 p.m,,,Indu,Sri Vyasaraja Swamigala Madhyaradhane (Navabrindavana),Sri Padma Govinda,,,,,,
344,54,Hevilambi,Uttarayana,Sisira,Phalguna,Krishna,Panchami,Swathi,Druva,Koulava,Panchami,03:00 p.m- 04:30 p.m,09:00 a.m-10:30 p.m,3:03 a.m,11:11 p.m,,,Bowma,"Sri Vyasaraja Swamigala Uttara Aradhane, Sri Govinda Wodeyaru Aradhane (Navabrindavana)",Sri Padma Govinda,,,,,,
345,55,Hevilambi,Uttarayana,Sisira,Phalguna,Krishna,Shashti,Visaga,Vyagadha,Garaja,Shashti,12:00 p.m -01:30 p.m,07:30 a.m-09:00 a.m,3:50 a.m,12:28 a.m,,,Sowmya,,Sri Padma Govinda,,,,,,
346,56,Hevilambi,Uttarayana,Sisira,Phalguna,Krishna,Sapthami,Anuradha,Harshana,Badra,Sapthami,01:30 p.m -03:00 p.m,06:00 a.m-07:30 a.m,5:06 a.m,2:13 a.m,,,Guru,,Sri Padma Govinda,,,,,,
347,57,Hevilambi,Uttarayana,Sisira,Phalguna,Krishna,Ashtami,Jyeshta,Vajra,Baala,Ashtami,10:30 a.m-12:00 p.m,06:00 a.m-07:30 a.m,Full,4:22 a.m,,,Baargava,,Sri Padma Govinda,,,,,,
348,58,Hevilambi,Uttarayana,Sisira,Phalguna,Krishna,Ashtami,Moola,Siddhi,Koulava,Navami,09:00 a.m -10:30 a.m,01:30 p.m-03:00 p.m,6:43 a.m,Full,,,Sthira,,Sri Padma Govinda,,,,,,
349,59,Hevilambi,Uttarayana,Sisira,Phalguna,Krishna,Navami,Moola,Vyathipada,Garaja,Dasami,04:30 p.m -06:00 p.m,12:00 p.m-01:30 p.m,8:43 a.m,6:46 a.m,,,Baanu,,Sri Padma Govinda,,,,,,
350,60,Hevilambi,Uttarayana,Sisira,Phalguna,Krishna,Dasami,Poorvashada,Variyan,Badra,Ekadasi,07:30 a.m-09:00 a.m,12:00 p.m-01:30 p.m,10:49 a.m,9:23 a.m,,,Indu,,Sri Padma Govinda,,,,,,
351,61,Hevilambi,Uttarayana,Sisira,Phalguna,Krishna,Ekadasi,Uttarashada,Pariga,Baala,-,03:00 p.m- 04:30 p.m,09:00 a.m-10:30 p.m,12:55 p.m,11:58 a.m,,,Bowma,Ekadasi Upavasa,Sri Padma Govinda,,,,,,
352,62,Hevilambi,Uttarayana,Sisira,Phalguna,Krishna,Dwadasi,Sravana,Siva,Thaithila,-,12:00 p.m -01:30 p.m,07:30 a.m-09:00 a.m,2:46 p.m,2:21 p.m,,,Sowmya,,Sri Padma Govinda,,,,,,
353,63,Hevilambi,Uttarayana,Sisira,Phalguna,Krishna,Trayodasi,Danishta,Siddha,Vanik,Trayodasi,01:30 p.m -03:00 p.m,06:00 a.m-07:30 a.m,4:19 p.m,4:25 p.m,,,Guru,Meena Sankramana Punyakaala Tharpana from morning,Sri Padma Govinda,,,,,,
354,64,Hevilambi,Uttarayana,Sisira,Phalguna,Krishna,Chaturdasi,Sadabisha,Sadya,Sakuni,Chaturdasi,10:30 a.m-12:00 p.m,06:00 a.m-07:30 a.m,5:25 p.m,6:04 p.m,,,Baargava,,Sri Padma Govinda,,,,,,
355,65,Hevilambi,Uttarayana,Sisira,Phalguna,Krishna,Amavasya,Poorvabadra,Subha,Nagavan,Amavasya,09:00 a.m -10:30 a.m,01:30 p.m-03:00 p.m,6:02 p.m,7:15 p.m,,,Sthira,Amavasya Thilatharpana,Sri Padma Govinda,,,,,,