S.No,DATE,samvatsara,ayana,ritu,masa,paksha,TITHI  ,NAKSHTRA,YOGA,KARNA,Sh. Thithi,Raahu,Yamaganda,TITHI end time,NAKSHATRA END TIME,YOGA END TIME,KARANA END TIME,DAY,Events,masaniyamaka,S.Thithi End Time,Gulika,SUNRISE,SunSet,MoonRise,MoonSet
1,18-Mar-18,Vilambi,Uttarayana,Vasanta,Chaitra,Shukla,Pratipad,Uttarabhadra,Shukla,Bhava,,,,6:17 PM,8:06 PM,7:23 PM,6:17 PM,Ravivara,"Ugadi  
Sri Purushothamatirtha Aradhana (Guhapravesha, Near Abbur), Mahabhisheka to Sri Moola Gopalakrishna and other Samsthana Vigrahas
Taila Abhyanjana, Nimbakadala Bhakashana, Panchanga Shravana, 
Kalpadi
Chandra Darshana",Padmini-Vishnu,,,6:32,,,
2,19-Mar-18,Vilambi,Uttarayana,Vasanta,Chaitra,Shukla,Dvitya,Revati,Brahma,Kaulava,,,,5:53 PM,8:18 PM,5:55 PM,5:53 PM,Somavara,"The day Sri Srinavasatirtha gave upadesha of Narasimha mantra to Sri Ramatirtha
Gowri-Shiva Damanaka Arpane, Balindra Pooja, ",Padmini-Vishnu,,,6:31,,,
3,20-Mar-18,Vilambi,Uttarayana,Vasanta,Chaitra,Shukla,Tritiya,Ashwini,Indra,Gara,,,,5:01 PM,8:03 PM,4:05 PM,5:01 PM,Mangalavara,"Sri Rama Dolotsava	
Matsya Jayanti, Andolaka Gowri Vrata, Chitra Gowri Vrata, 	
Uttama Manvadi",Padmini-Vishnu,,,6:31,,,
4,21-Mar-18,Vilambi,Uttarayana,Vasanta,Chaitra,Shukla,Chaturthi,Bharani,Vaidhriti,Bhadra,,,,3:44 PM,7:24 PM,1:55 PM,3:44 PM,Budhavara,"Vinayaki Chatruthi, Hayavrata, Ganesha Damanaka Arpane",Padmini-Vishnu,,,6:31,,,
5,22-Mar-18,Vilambi,Uttarayana,Vasanta,Chaitra,Shukla,Panchami,Krittika,Vishkambha,Balava,,,,2:04 PM,6:23 PM,11:27 AM,2:04 PM,Guruvara,"Vishnu Dolotsava	
Naga Damanaka Arpane, Lakshmi Pooja	
Kurma Kalpadi",Padmini-Vishnu,,,6:30,,,
6,23-Mar-18,Vilambi,Uttarayana,Vasanta,Chaitra,Shukla,Shashti,Rohini,Priti / Ayushman,Taitila,,,,12:07 PM,5:06 PM,8:44 AM,12:07 PM,Shukravara,Skanda Damanaka Arpane,Padmini-Vishnu,,,6:30,,,
7,24-Mar-18,Vilambi,Uttarayana,Vasanta,Chaitra,Shukla,Saptami,Mrigashira,Soubhagya,Vanija,,,,9:56 AM,3:36 PM,2:49 AM,9:56 AM,Shanivara,Surya Damanaka Arpane,Padmini-Vishnu,,,6:30,,,
8,25-Mar-18,Vilambi,Uttarayana,Vasanta,Chaitra,Shukla,Ashtami / Navami,Ardra,Shobhana,Bhava,,,,7:35 AM,1:59 PM,11:42 PM,7:35 AM,Ravivara,"Sri Rama Navami		
Mahabhisheka to Sri Moola Pattabhirama and Sri Digvijaya Rama Vigrahas in Sri Matha, 
Durga Ashtami, 		
Brahmaputra Snana Vishesha Phala",Padmini-Vishnu,,,6:29,,,
9,26-Mar-18,Vilambi,Uttarayana,Vasanta,Chaitra,Shukla,Dasami,Punarvasu,Atigandada,Taitila,,,,2:48 AM,12:18 PM,8:36 PM,4:00 PM,Somavara,"Dasami Acharane		
Dharmaraja Damanaka Arpane",Padmini-Vishnu,,,6:29,,,
10,27-Mar-18,Vilambi,Uttarayana,Vasanta,Chaitra,Shukla,Ekadashi,Pushya,Sukarma,Vanija,,,,12:30 AM,10:41 AM,5:33 PM,1:39 PM,Mangalavara,"Ekadashi Acharane(Kumuda)	
Sri Krishna Dolotsava",Padmini-Vishnu,,,6:29,,,
11,28-Mar-18,Vilambi,Uttarayana,Vasanta,Chaitra,Shukla,Dwadashi,Ashlesha,Dhriti,Bhava,,,,10:22 PM,9:10 AM,2:37 PM,11:26 AM,Budhavara,"Dwadasi Acharane		
Vishnu Damanaka Arpane",Padmini-Vishnu,,,6:28,,,
12,29-Mar-18,Vilambi,Uttarayana,Vasanta,Chaitra,Shukla,Trayodashi,Makha,Sula,Kaulava,,,,8:29 PM,7:52 AM,11:52 AM,9:25 AM,Guruvara,"Pradosha, Anangapooja, Manmatha Damanaka Arpane",Padmini-Vishnu,,,6:28,,,
13,30-Mar-18,Vilambi,Uttarayana,Vasanta,Chaitra,Shukla,Chaturdashi,Purvaphalguni/Uttaraphalguni,Ganda,Gara,,,,6:56 PM,6:50 AM,9:22 AM,7:41 AM,Shukravara,"Sri Nrisimha Dolotsava	
Shiva Damanaka Arpane",Padmini-Vishnu,,,6:28,,,
14,31-Mar-18,Vilambi,Uttarayana,Vasanta,Chaitra,Shukla,Poornima,Hasta,Vriddha / Dhruva,Bhava,,,,5:44 PM,5:52 AM,7:07 AM,5:44 PM,Shanivara,"Hanumad Jayanthi	
Vishnupanchaka Upavasa	
Gunja Narasimha Ratha at T Narasipura and Vishesha Pooja from Sri Matha	
Chitta Poornima, Sarvadeva Damanaka Arpane	
Rouchasavarnika Manvadi, Vaishakha Snana Arambha	
Bengaluru Karaga",Padmini-Vishnu,,,6:27,,,
15,01-Apr-18,Vilambi,Uttarayana,Vasanta,Chaitra,Krishna,Pratipad,Chitta,Vyaghata,Kaulava,,,,5:00 PM,6:03 AM,3:43 AM,5:00 PM,Ravivara,,Kamala-Madhusudana,,,6:27,,,
16,02-Apr-18,Vilambi,Uttarayana,Vasanta,Chaitra,Krishna,Dvitya,Swati,Harshana,Gara,,,,4:45 PM,6:27 AM,2:36 AM,4:45 PM,Somavara,,Kamala-Madhusudana,,,6:27,,,
17,03-Apr-18,Vilambi,Uttarayana,Vasanta,Chaitra,Krishna,Tritiya,Swati,Vajra,Bhadra,,,,5:00 PM,6:44 AM,1:52 AM,5:00 PM,Mangalavara,,Kamala-Madhusudana,,,6:26,,,
18,04-Apr-18,Vilambi,Uttarayana,Vasanta,Chaitra,Krishna,Chaturthi,Vishakha,Siddhi,Balava,,,,5:47 PM,7:54 AM,1:32 AM,5:47 PM,Budhavara,,Kamala-Madhusudana,,,6:26,,,
19,05-Apr-18,Vilambi,Uttarayana,Vasanta,Chaitra,Krishna,Panchami,Anuradha,Vyatipata,Taitila,,,,7:01 PM,9:34 AM,1:33 AM,7:01 PM,Guruvara,,Kamala-Madhusudana,,,6:26,,,
20,06-Apr-18,Vilambi,Uttarayana,Vasanta,Chaitra,Krishna,Shashti,Jyeshta,Variyan,Gara,,,,8:39 PM,11:37 AM,1:51 AM,7:48 AM,Shukravara,,Kamala-Madhusudana,,,6:25,,,
21,07-Apr-18,Vilambi,Uttarayana,Vasanta,Chaitra,Krishna,Saptami,Moola,Parigha,Bhadra,,,,10:35 PM,2:01 PM,2:22 AM,9:37 AM,Shanivara,,Kamala-Madhusudana,,,6:25,,,
22,08-Apr-18,Vilambi,Uttarayana,Vasanta,Chaitra,Krishna,Ashtami,Purvashadha,Shiva,Balava,,,,12:41 AM,4:36 PM,2:59 AM,11:38 AM,Ravivara,,Kamala-Madhusudana,,,6:25,,,
23,09-Apr-18,Vilambi,Uttarayana,Vasanta,Chaitra,Krishna,Navami,Uttarashadha,Siddha,Taitila,,,,2:43 AM,7:12 PM,3:32 AM,1:42 PM,Somavara,,Kamala-Madhusudana,,,6:24,,,
24,10-Apr-18,Vilambi,Uttarayana,Vasanta,Chaitra,Krishna,Dasami,Sharavana,Sadhya,Vanija,,,,4:34 AM,9:40 PM,3:58 AM,3:39 PM,Mangalavara,,Kamala-Madhusudana,,,6:24,,,
25,11-Apr-18,Vilambi,Uttarayana,Vasanta,Chaitra,Krishna,Ekadashi,Dhanishta,Shubha,Bhava,,,,6:06 AM,11:51 PM,4:08 AM,5:20 PM,Budhavara,,Kamala-Madhusudana,,,6:24,,,
26,12-Apr-18,Vilambi,Uttarayana,Vasanta,Chaitra,Krishna,Dwadashi,Shatabhisha,Shukla,Kaulava,,,,6:23 AM,1:37 AM,3:59 AM,6:38 PM,Guruvara,,Kamala-Madhusudana,,,6:23,,,
27,13-Apr-18,Vilambi,Uttarayana,Vasanta,Chaitra,Krishna,Dwadashi,Purvabhadra,Brahma,Taitila,,,,7:10 AM,2:57 AM,3:27 AM,7:10 AM,Shukravara,,Kamala-Madhusudana,,,6:23,,,
28,14-Apr-18,Vilambi,Uttarayana,Vasanta,Chaitra,Krishna,Trayodashi,Uttarabhadra,Indra,Vanija,,,,7:47 AM,3:46 AM,2:32 AM,7:47 AM,Shanivara,,Kamala-Madhusudana,,,6:23,,,
29,15-Apr-18,Vilambi,Uttarayana,Vasanta,Chaitra,Krishna,Chaturdashi,Revati,Vaidhriti,Shakuni,,,,7:50 AM,4:05 AM,1:12 AM,7:50 AM,Ravivara,,Kamala-Madhusudana,,,6:22,,,
30,16-Apr-18,Vilambi,Uttarayana,Vasanta,Chaitra,Krishna,Amavasya,Ashwini,Vishkambha,Nagavan,,,,7:25 AM,3:57 AM,11:30 PM,7:25 AM,Somavara,,Kamala-Madhusudana,,,6:22,,,
31,17-Apr-18,Vilambi,Uttarayana,Vasanta,Vaishakha,Shukla,Pratipad,Bharani,Priti,Bhava,,,,6:30 AM,3:22 AM,9:26 PM,6:30 AM,Mangalavara,,Kamala-Madhusudana,,,6:21,,,
32,18-Apr-18,Vilambi,Uttarayana,Vasanta,Vaishakha,Shukla,Tritiya,Krittika,Ayushman,Taitila,,,,3:29 AM,2:26 AM,7:04 PM,4:20 PM,Budhavara,,Kamala-Madhusudana,,,6:21,,,
33,19-Apr-18,Vilambi,Uttarayana,Vasanta,Vaishakha,Shukla,Chaturthi,Rohini,Soubhagya,Vanija,,,,1:31 AM,1:13 AM,4:27 PM,2:30 PM,Guruvara,,Kamala-Madhusudana,,,6:21,,,
34,20-Apr-18,Vilambi,Uttarayana,Vasanta,Vaishakha,Shukla,Panchami,Mrigashira,Shobhana,Bhava,,,,11:17 PM,11:44 PM,1:37 PM,12:24 PM,Shukravara,,Kamala-Madhusudana,,,6:20,,,
35,21-Apr-18,Vilambi,Uttarayana,Vasanta,Vaishakha,Shukla,Shashti,Ardra,Atiganda,Kaulava,,,,8:56 PM,10:09 PM,10:38 AM,10:07 AM,Shanivara,,Kamala-Madhusudana,,,6:20,,,
36,22-Apr-18,Vilambi,Uttarayana,Vasanta,Vaishakha,Shukla,Saptami,Punarvasu,Sukarma,Gara,,,,6:30 PM,8:29 PM,7:34 AM,7:44 AM,Ravivara,,Kamala-Madhusudana,,,6:20,,,
37,23-Apr-18,Vilambi,Uttarayana,Vasanta,Vaishakha,Shukla,Ashtami,Pushya,Sula,Bhava,,,,4:04 PM,6:49 PM,1:25 AM,4:04 PM,Somavara,,Kamala-Madhusudana,,,6:19,,,
38,24-Apr-18,Vilambi,Uttarayana,Vasanta,Vaishakha,Shukla,Navami,Ashlesha,Ganda,Kaulava,,,,1:45 PM,5:17 PM,10:29 PM,1:45 PM,Mangalavara,,Kamala-Madhusudana,,,6:19,,,
39,25-Apr-18,Vilambi,Uttarayana,Vasanta,Vaishakha,Shukla,Dasami,Makha,Vriddha,Gara,,,,11:36 AM,3:56 PM,7:43 PM,11:36 AM,Budhavara,,Kamala-Madhusudana,,,6:19,,,
40,26-Apr-18,Vilambi,Uttarayana,Vasanta,Vaishakha,Shukla,Ekadashi,Purvaphalguni,Dhruva,Bhadra,,,,9:41 AM,2:50 PM,5:09 PM,9:41 AM,Guruvara,,Kamala-Madhusudana,,,6:18,,,
41,27-Apr-18,Vilambi,Uttarayana,Vasanta,Vaishakha,Shukla,Dwadashi,Uttaraphalguni,Vyaghata,Balava,,,,8:06 AM,2:04 PM,2:53 PM,8:06 AM,Shukravara,,Kamala-Madhusudana,,,6:18,,,
42,28-Apr-18,Vilambi,Uttarayana,Vasanta,Vaishakha,Shukla,Trayodashi,Hasta,Harshana,Taitila,,,,6:53 AM,1:42 PM,12:56 PM,6:53 AM,Shanivara,,Kamala-Madhusudana,,,6:18,,,
43,29-Apr-18,Vilambi,Uttarayana,Vasanta,Vaishakha,Shukla,Poornima,Chitta,Vajra,Bhadra,,,,5:49 AM,1:45 PM,11:20 AM,5:57 PM,Ravivara,,Kamala-Madhusudana,,,6:17,,,
44,30-Apr-18,Vilambi,Uttarayana,Vasanta,Vaishakha,Krishna,Pratipad,Swati,Siddhi,Balava,,,,6:01 AM,2:19 PM,10:08 AM,5:55 PM,Somavara,,Raama-Trivikrama,,,6:17,,,
45,01-May-18,Vilambi,Uttarayana,Vasanta,Vaishakha,Krishna,Dvitya,Vishakha,Vyatipata,Taitila,,,,6:16 AM,3:22 PM,9:20 AM,6:22 PM,Mangalavara,,Raama-Trivikrama,,,6:16,,,
46,02-May-18,Vilambi,Uttarayana,Vasanta,Vaishakha,Krishna,Dvitya,Anuradha,Variyan,Gara,,,,6:45 AM,4:55 PM,8:56 AM,6:45 AM,Budhavara,,Raama-Trivikrama,,,6:16,,,
47,03-May-18,Vilambi,Uttarayana,Vasanta,Vaishakha,Krishna,Tritiya,Jyeshta,Parigha,Bhadra,,,,7:57 AM,6:54 PM,8:55 AM,7:57 AM,Guruvara,,Raama-Trivikrama,,,6:16,,,
48,04-May-18,Vilambi,Uttarayana,Vasanta,Vaishakha,Krishna,Chaturthi,Moola,Shiva,Balava,,,,9:32 AM,9:13 PM,9:10 AM,9:32 AM,Shukravara,,Raama-Trivikrama,,,6:15,,,
49,05-May-18,Vilambi,Uttarayana,Vasanta,Vaishakha,Krishna,Panchami,Purvashadha,Siddha,Taitila,,,,11:26 AM,11:47 PM,9:41 AM,11:26 AM,Shanivara,,Raama-Trivikrama,,,6:15,,,
50,06-May-18,Vilambi,Uttarayana,Vasanta,Vaishakha,Krishna,Shashti,Uttarashadha,Sadhya,Vanija,,,,1:29 PM,2:24 AM,10:18 AM,1:29 PM,Ravivara,,Raama-Trivikrama,,,6:15,,,
51,07-May-18,Vilambi,Uttarayana,Vasanta,Vaishakha,Krishna,Saptami,Sharavana,Shubha,Bhava,,,,3:29 PM,4:54 AM,10:55 AM,3:29 PM,Somavara,,Raama-Trivikrama,,,6:14,,,
52,08-May-18,Vilambi,Uttarayana,Vasanta,Vaishakha,Krishna,Ashtami,Dhanishta,Shukla,Kaulava,,,,5:18 PM,6:14 AM,11:25 AM,5:18 PM,Mangalavara,,Raama-Trivikrama,,,6:14,,,
53,09-May-18,Vilambi,Uttarayana,Vasanta,Vaishakha,Krishna,Navami,Dhanishta,Brahma,Gara,,,,6:48 PM,7:10 AM,11:42 AM,6:48 PM,Budhavara,,Raama-Trivikrama,,,6:14,,,
54,10-May-18,Vilambi,Uttarayana,Vasanta,Vaishakha,Krishna,Dasami,Shatabhisha,Indra,Vanija,,,,7:51 PM,9:02 AM,11:39 AM,7:22 AM,Guruvara,,Raama-Trivikrama,,,6:13,,,
55,11-May-18,Vilambi,Uttarayana,Vasanta,Vaishakha,Krishna,Ekadashi,Purvabhadra,Vaidhriti,Bhava,,,,8:26 PM,10:28 AM,11:15 AM,8:11 AM,Shukravara,,Raama-Trivikrama,,,6:13,,,
56,12-May-18,Vilambi,Uttarayana,Vasanta,Vaishakha,Krishna,Dwadashi,Uttarabhadra,Vishkambha,Kaulava,,,,8:30 PM,11:25 AM,10:27 AM,8:31 AM,Shanivara,,Raama-Trivikrama,,,6:13,,,
57,13-May-18,Vilambi,Uttarayana,Vasanta,Vaishakha,Krishna,Trayodashi,Revati,Priti,Gara,,,,8:02 PM,11:50 AM,9:14 AM,8:18 AM,Ravivara,,Raama-Trivikrama,,,6:12,,,
58,14-May-18,Vilambi,Uttarayana,Vasanta,Vaishakha,Krishna,Chaturdashi,Ashwini,Ayushman,Bhadra,,,,7:08 PM,11:48 AM,7:38 AM,7:38 AM,Somavara,,Raama-Trivikrama,,,6:12,,,
59,15-May-18,Vilambi,Uttarayana,Vasanta,Vaishakha,Krishna,Amavasya,Bharani,Shobhana,Chatuspat,,,,5:47 PM,11:19 AM,3:24 AM,6:30 AM,Mangalavara,,Raama-Trivikrama,,,6:11,,,
60,16-May-18,Vilambi,Uttarayana,Grishma,Adhika-Jyestha,Shukla,Pratipad,Krittika,Atiganda,Bhava,,,,4:04 PM,10:28 AM,12:51 AM,4:04 PM,Budhavara,,Aananda-Purushothama,,,6:11,,,
61,17-May-18,Vilambi,Uttarayana,Grishma,Adhika-Jyestha,Shukla,Dvitya,Rohini,Sukarma,Kaulava,,,,2:05 PM,9:18 AM,10:06 PM,2:05 PM,Guruvara,,Aananda-Purushothama,,,6:11,,,
62,18-May-18,Vilambi,Uttarayana,Grishma,Adhika-Jyestha,Shukla,Tritiya,Mrigashira,Dhriti,Gara,,,,11:50 AM,7:52 AM,7:09 PM,11:50 AM,Shukravara,,Aananda-Purushothama,,,6:10,,,
63,19-May-18,Vilambi,Uttarayana,Grishma,Adhika-Jyestha,Shukla,Chaturthi,Ardra,Sula,Bhadra,,,,9:28 AM,6:18 AM,4:08 PM,9:28 AM,Shanivara,,Aananda-Purushothama,,,6:10,,,
64,20-May-18,Vilambi,Uttarayana,Grishma,Adhika-Jyestha,Shukla,Panchami,Pushya,Ganda,Balava,,,,7:00 AM,3:00 AM,1:03 PM,7:00 AM,Ravivara,,Aananda-Purushothama,,,6:10,,,
65,21-May-18,Vilambi,Uttarayana,Grishma,Adhika-Jyestha,Shukla,Saptami,Ashlesha,Vriddha,Gara,,,,2:11 AM,1:25 AM,10:00 AM,3:22 PM,Somavara,,Aananda-Purushothama,,,6:09,,,
66,22-May-18,Vilambi,Uttarayana,Grishma,Adhika-Jyestha,Shukla,Ashtami,Makha,Dhruva,Bhadra,,,,12:00 AM,12:00 AM,7:03 AM,1:06 PM,Mangalavara,,Aananda-Purushothama,,,6:09,,,
67,23-May-18,Vilambi,Uttarayana,Grishma,Adhika-Jyestha,Shukla,Navami,Purvaphalguni,Harshana,Balava,,,,10:04 PM,#VALUE!,1:41 AM,11:02 AM,Budhavara,,Aananda-Purushothama,,,6:09,,,
68,24-May-18,Vilambi,Uttarayana,Grishma,Adhika-Jyestha,Shukla,Dasami,Uttaraphalguni,Vajra,Taitila,,,,8:26 PM,10:00 PM,11:22 PM,9:14 AM,Guruvara,,Aananda-Purushothama,,,6:09,,,
69,25-May-18,Vilambi,Uttarayana,Grishma,Adhika-Jyestha,Shukla,Ekadashi,Hasta,Siddhi,Vanija,,,,7:10 PM,9:31 PM,9:20 PM,7:46 AM,Shukravara,,Aananda-Purushothama,,,6:08,,,
70,26-May-18,Vilambi,Uttarayana,Grishma,Adhika-Jyestha,Shukla,Dwadashi,Chitta,Vyatipata,Bhava,,,,6:21 PM,9:29 PM,7:42 PM,6:42 AM,Shanivara,,Aananda-Purushothama,,,6:08,,,
71,27-May-18,Vilambi,Uttarayana,Grishma,Adhika-Jyestha,Shukla,Trayodashi,Swati,Variyan,Kaulava,,,,6:01 PM,9:56 PM,6:26 PM,6:08 AM,Ravivara,,Aananda-Purushothama,,,6:08,,,
72,28-May-18,Vilambi,Uttarayana,Grishma,Adhika-Jyestha,Shukla,Chaturdashi,Vishakha,Parigha,Vanija,,,,6:10 PM,10:52 PM,5:33 PM,6:10 PM,Somavara,,Aananda-Purushothama,,,6:07,,,
73,29-May-18,Vilambi,Uttarayana,Grishma,Adhika-Jyestha,Shukla,Poornima,Anuradha,Shiva,Bhadra,,,,6:51 PM,12:19 AM,5:06 PM,6:27 AM,Mangalavara,,Aananda-Purushothama,,,6:07,,,
74,30-May-18,Vilambi,Uttarayana,Grishma,Adhika-Jyestha,Krishna,Pratipad,Jyeshta,Siddha,Balava,,,,8:00 PM,2:12 AM,5:01 PM,7:23 AM,Budhavara,,Aananda-Purushothama,,,6:07,,,
75,31-May-18,Vilambi,Uttarayana,Grishma,Adhika-Jyestha,Krishna,Dvitya,Moola,Sadhya,Taitila,,,,9:32 PM,4:27 AM,5:15 PM,8:44 AM,Guruvara,,Aananda-Purushothama,,,6:06,,,
76,01-Jun-18,Vilambi,Uttarayana,Grishma,Adhika-Jyestha,Krishna,Tritiya,Purvashadha,Shubha,Vanija,,,,11:23 PM,6:06 AM,5:44 PM,10:27 AM,Shukravara,,Aananda-Purushothama,,,6:06,,,
77,02-Jun-18,Vilambi,Uttarayana,Grishma,Adhika-Jyestha,Krishna,Chaturthi,Purvashadha,Shukla,Bhava,,,,1:24 AM,6:58 AM,6:22 PM,12:24 PM,Shanivara,,Aananda-Purushothama,,,6:06,,,
78,03-Jun-18,Vilambi,Uttarayana,Grishma,Adhika-Jyestha,Krishna,Panchami,Uttarashadha,Brahma,Kaulava,,,,3:24 AM,9:36 AM,7:02 PM,2:24 PM,Ravivara,,Aananda-Purushothama,,,6:06,,,
79,04-Jun-18,Vilambi,Uttarayana,Grishma,Adhika-Jyestha,Krishna,Shashti,Sharavana,Indra,Gara,,,,5:11 AM,12:08 PM,7:35 PM,4:17 PM,Somavara,,Aananda-Purushothama,,,6:05,,,
80,05-Jun-18,Vilambi,Uttarayana,Grishma,Adhika-Jyestha,Krishna,Saptami,Dhanishta,Vaidhriti,Bhadra,,,,6:05 AM,2:27 PM,7:56 PM,5:56 PM,Mangalavara,,Aananda-Purushothama,,,6:05,,,
81,06-Jun-18,Vilambi,Uttarayana,Grishma,Adhika-Jyestha,Krishna,Saptami,Shatabhisha,Vishkambha,Bhava,,,,6:41 AM,4:26 PM,7:59 PM,6:41 AM,Budhavara,,Aananda-Purushothama,,,6:05,,,
82,07-Jun-18,Vilambi,Uttarayana,Grishma,Adhika-Jyestha,Krishna,Ashtami,Purvabhadra,Priti,Kaulava,,,,7:45 AM,5:59 PM,7:41 PM,7:45 AM,Guruvara,,Aananda-Purushothama,,,6:05,,,
83,08-Jun-18,Vilambi,Uttarayana,Grishma,Adhika-Jyestha,Krishna,Navami,Uttarabhadra,Ayushman,Gara,,,,8:18 AM,7:01 PM,6:58 PM,8:18 AM,Shukravara,,Aananda-Purushothama,,,6:04,,,
84,09-Jun-18,Vilambi,Uttarayana,Grishma,Adhika-Jyestha,Krishna,Dasami,Revati,Soubhagya,Bhadra,,,,8:23 AM,7:34 PM,5:52 PM,8:23 AM,Shanivara,,Aananda-Purushothama,,,6:04,,,
85,10-Jun-18,Vilambi,Uttarayana,Grishma,Adhika-Jyestha,Krishna,Ekadashi,Ashwini,Shobhana,Balava,,,,7:57 AM,7:38 PM,4:22 PM,7:57 AM,Ravivara,,Aananda-Purushothama,,,6:04,,,
86,11-Jun-18,Vilambi,Uttarayana,Grishma,Adhika-Jyestha,Krishna,Dwadashi,Bharani,Atiganda,Taitila,,,,7:03 AM,7:16 PM,2:31 PM,7:03 AM,Somavara,,Aananda-Purushothama,,,6:04,,,
87,12-Jun-18,Vilambi,Uttarayana,Grishma,Adhika-Jyestha,Krishna,Chaturdashi,Krittika,Sukarma,Bhadra,,,,3:59 AM,6:29 PM,12:18 PM,4:50 PM,Mangalavara,,Aananda-Purushothama,,,6:03,,,
88,13-Jun-18,Vilambi,Uttarayana,Grishma,Adhika-Jyestha,Krishna,Amavasya,Rohini,Dhriti,Chatuspat,,,,1:59 AM,5:22 PM,9:49 AM,2:59 PM,Budhavara,,Aananda-Purushothama,,,6:03,,,
89,14-Jun-18,Vilambi,Uttarayana,Grishma,Nija-Jyeshtha,Shukla,Pratipad,Mrigashira,Sula,Kimstugna,,,,11:45 PM,4:01 PM,7:07 AM,12:53 PM,Guruvara,,Raama-Trivikrama,,,6:03,,,
90,15-Jun-18,Vilambi,Uttarayana,Grishma,Nija-Jyeshtha,Shukla,Dvitya,Ardra,Vriddha,Balava,,,,9:22 PM,2:29 PM,1:13 AM,10:34 AM,Shukravara,,Raama-Trivikrama,,,6:03,,,
91,16-Jun-18,Vilambi,Uttarayana,Grishma,Nija-Jyeshtha,Shukla,Tritiya,Punarvasu,Dhruva,Taitila,,,,6:54 PM,12:50 PM,10:10 PM,8:09 AM,Shanivara,,Raama-Trivikrama,,,6:03,,,
92,17-Jun-18,Vilambi,Uttarayana,Grishma,Nija-Jyeshtha,Shukla,Chaturthi,Pushya,Vyaghata,Bhadra,,,,4:25 PM,11:09 AM,7:06 PM,4:25 PM,Ravivara,,Raama-Trivikrama,,,6:02,,,
93,18-Jun-18,Vilambi,Uttarayana,Grishma,Nija-Jyeshtha,Shukla,Panchami,Ashlesha,Harshana,Balava,,,,2:03 PM,9:33 AM,4:09 PM,2:03 PM,Somavara,,Raama-Trivikrama,,,6:02,,,
94,19-Jun-18,Vilambi,Uttarayana,Grishma,Nija-Jyeshtha,Shukla,Shashti,Makha,Vajra,Taitila,,,,11:50 AM,8:06 AM,1:20 PM,11:50 AM,Mangalavara,,Raama-Trivikrama,,,6:02,,,
95,20-Jun-18,Vilambi,Uttarayana,Grishma,Nija-Jyeshtha,Shukla,Saptami,Purvaphalguni,Siddhi,Vanija,,,,9:51 AM,6:52 AM,10:43 AM,9:51 AM,Budhavara,,Raama-Trivikrama,,,6:02,,,
96,21-Jun-18,Vilambi,Uttarayana,Grishma,Nija-Jyeshtha,Shukla,Ashtami,Hasta,Vyatipata,Bhava,,,,8:11 AM,5:23 AM,8:21 AM,8:11 AM,Guruvara,,Raama-Trivikrama,,,6:02,,,
97,22-Jun-18,Vilambi,Uttarayana,Grishma,Nija-Jyeshtha,Shukla,Navami,Chitta,Variyan,Kaulava,,,,6:01 AM,5:14 AM,6:17 AM,6:01 AM,Shukravara,,Raama-Trivikrama,,,6:01,,,
98,23-Jun-18,Vilambi,Uttarayana,Grishma,Nija-Jyeshtha,Shukla,Ekadashi,Swati,Shiva,Vanija,,,,5:37 AM,5:34 AM,3:14 AM,5:49 PM,Shanivara,,Raama-Trivikrama,,,6:01,,,
99,24-Jun-18,Vilambi,Uttarayana,Grishma,Nija-Jyeshtha,Shukla,Dwadashi,Vishakha,Siddha,Bhava,,,,5:44 AM,6:01 AM,2:19 AM,5:40 PM,Ravivara,,Raama-Trivikrama,,,6:01,,,
100,25-Jun-18,Vilambi,Uttarayana,Grishma,Nija-Jyeshtha,Shukla,Trayodashi,Vishakha,Sadhya,Kaulava,,,,6:01 AM,6:24 AM,1:47 AM,6:02 PM,Somavara,,Raama-Trivikrama,,,6:01,,,
101,26-Jun-18,Vilambi,Uttarayana,Grishma,Nija-Jyeshtha,Shukla,Trayodashi,Anuradha,Shubha,Taitila,,,,6:21 AM,7:44 AM,1:39 AM,6:21 AM,Mangalavara,,Raama-Trivikrama,,,6:01,,,
102,27-Jun-18,Vilambi,Uttarayana,Grishma,Nija-Jyeshtha,Shukla,Chaturdashi,Jyeshta,Shukla,Vanija,,,,7:27 AM,9:31 AM,1:51 AM,7:27 AM,Budhavara,,Raama-Trivikrama,,,6:01,,,
103,28-Jun-18,Vilambi,Uttarayana,Grishma,Nija-Jyeshtha,Shukla,Poornima,Moola,Brahma,Bhava,,,,8:58 AM,11:42 AM,2:18 AM,8:58 AM,Guruvara,,Raama-Trivikrama,,,6:01,,,
104,29-Jun-18,Vilambi,Uttarayana,Grishma,Nija-Jyeshtha,Krishna,Pratipad,Purvashadha,Indra,Kaulava,,,,10:47 AM,2:10 PM,2:55 AM,10:47 AM,Shukravara,,Vrishakapi-Vamana,,,6:01,,,
105,30-Jun-18,Vilambi,Uttarayana,Grishma,Nija-Jyeshtha,Krishna,Dvitya,Uttarashadha,Vaidhriti,Gara,,,,12:45 PM,4:46 PM,3:35 AM,12:45 PM,Shanivara,,Vrishakapi-Vamana,,,6:00,,,
106,01-Jul-18,Vilambi,Uttarayana,Grishma,Nija-Jyeshtha,Krishna,Tritiya,Sharavana,Vishkambha,Bhadra,,,,2:44 PM,7:20 PM,4:11 AM,2:44 PM,Ravivara,,Vrishakapi-Vamana,,,6:00,,,
107,02-Jul-18,Vilambi,Uttarayana,Grishma,Nija-Jyeshtha,Krishna,Chaturthi,Dhanishta,Priti,Balava,,,,4:33 PM,9:44 PM,4:35 AM,4:33 PM,Somavara,,Vrishakapi-Vamana,,,6:00,,,
108,03-Jul-18,Vilambi,Uttarayana,Grishma,Nija-Jyeshtha,Krishna,Panchami,Shatabhisha,Ayushman,Taitila,,,,6:03 PM,11:48 PM,4:42 AM,6:03 PM,Mangalavara,,Vrishakapi-Vamana,,,6:00,,,
109,04-Jul-18,Vilambi,Uttarayana,Grishma,Nija-Jyeshtha,Krishna,Shashti,Purvabhadra,Soubhagya,Gara,,,,7:08 PM,1:26 AM,4:29 AM,6:39 AM,Budhavara,,Vrishakapi-Vamana,,,6:00,,,
110,05-Jul-18,Vilambi,Uttarayana,Grishma,Nija-Jyeshtha,Krishna,Saptami,Uttarabhadra,Shobhana,Bhadra,,,,7:45 PM,2:36 AM,3:52 AM,7:30 AM,Guruvara,,Vrishakapi-Vamana,,,6:00,,,
111,06-Jul-18,Vilambi,Uttarayana,Grishma,Nija-Jyeshtha,Krishna,Ashtami,Revati,Atiganda,Balava,,,,7:51 PM,3:17 AM,2:51 AM,7:51 AM,Shukravara,,Vrishakapi-Vamana,,,6:00,,,
112,07-Jul-18,Vilambi,Uttarayana,Grishma,Nija-Jyeshtha,Krishna,Navami,Ashwini,Sukarma,Taitila,,,,7:27 PM,3:27 AM,1:26 AM,7:42 AM,Shanivara,,Vrishakapi-Vamana,,,6:00,,,
113,08-Jul-18,Vilambi,Uttarayana,Grishma,Nija-Jyeshtha,Krishna,Dasami,Bharani,Dhriti,Vanija,,,,6:34 PM,3:10 AM,11:38 PM,7:03 AM,Ravivara,,Vrishakapi-Vamana,,,6:00,,,
114,09-Jul-18,Vilambi,Uttarayana,Grishma,Nija-Jyeshtha,Krishna,Ekadashi,Krittika,Sula,Balava,,,,5:16 PM,2:29 AM,9:30 PM,5:16 PM,Somavara,,Vrishakapi-Vamana,,,6:00,,,
115,10-Jul-18,Vilambi,Uttarayana,Grishma,Nija-Jyeshtha,Krishna,Dwadashi,Rohini,Ganda,Taitila,,,,3:34 PM,1:27 AM,7:04 PM,3:34 PM,Mangalavara,,Vrishakapi-Vamana,,,6:00,,,
116,11-Jul-18,Vilambi,Uttarayana,Grishma,Nija-Jyeshtha,Krishna,Trayodashi,Mrigashira,Vriddha,Vanija,,,,1:35 PM,12:08 AM,4:24 PM,1:35 PM,Budhavara,,Vrishakapi-Vamana,,,6:00,,,
117,12-Jul-18,Vilambi,Uttarayana,Grishma,Nija-Jyeshtha,Krishna,Chaturdashi,Ardra,Dhruva,Shakuni,,,,11:22 AM,10:38 PM,1:33 PM,11:22 AM,Guruvara,,Vrishakapi-Vamana,,,6:00,,,
118,13-Jul-18,Vilambi,Uttarayana,Grishma,Nija-Jyeshtha,Krishna,Amavasya,Punarvasu,Vyaghata,Nagavan,,,,8:59 AM,9:00 PM,10:34 AM,8:59 AM,Shukravara,,Vrishakapi-Vamana,,,6:00,,,
119,14-Jul-18,Vilambi,Uttarayana,Grishma,Ashadha,Shukla,Pratipad,Pushya,Harshana,Bhava,,,,6:30 AM,7:20 PM,7:31 AM,6:30 AM,Shanivara,,Vrishakapi-Vamana,,,6:00,,,
120,15-Jul-18,Vilambi,Uttarayana,Grishma,Ashadha,Shukla,Tritiya,Ashlesha,Siddhi,Taitila,,,,1:39 AM,5:42 PM,1:29 AM,2:50 PM,Ravivara,,Vrishakapi-Vamana,,,6:00,,,
121,16-Jul-18,Vilambi,Uttarayana,Grishma,Ashadha,Shukla,Chaturthi,Makha,Vyatipata,Vanija,,,,11:25 PM,4:12 PM,10:38 PM,12:32 PM,Somavara,,Vrishakapi-Vamana,,,6:00,,,
122,17-Jul-18,Vilambi,Uttarayana,Grishma,Ashadha,Shukla,Panchami,Purvaphalguni,Variyan,Bhava,,,,9:25 PM,2:56 PM,7:58 PM,10:24 AM,Mangalavara,,Vrishakapi-Vamana,,,6:00,,,
123,18-Jul-18,Vilambi,Dakshinayana,Grishma,Ashadha,Shukla,Shashti,Uttaraphalguni,Parigha,Kaulava,,,,7:42 PM,1:55 PM,5:33 PM,8:32 AM,Budhavara,,Vrishakapi-Vamana,,,6:00,,,
124,19-Jul-18,Vilambi,Dakshinayana,Grishma,Ashadha,Shukla,Saptami,Hasta,Shiva,Gara,,,,6:23 PM,1:16 PM,3:26 PM,7:00 AM,Guruvara,,Vrishakapi-Vamana,,,6:00,,,
125,20-Jul-18,Vilambi,Dakshinayana,Grishma,Ashadha,Shukla,Ashtami,Chitta,Siddha,Bhava,,,,5:28 PM,1:01 PM,1:39 PM,5:28 PM,Shukravara,,Vrishakapi-Vamana,,,6:00,,,
126,21-Jul-18,Vilambi,Dakshinayana,Grishma,Ashadha,Shukla,Navami,Swati,Sadhya,Kaulava,,,,5:03 PM,1:14 PM,12:14 PM,5:03 PM,Shanivara,,Vrishakapi-Vamana,,,6:00,,,
127,22-Jul-18,Vilambi,Dakshinayana,Grishma,Ashadha,Shukla,Dasami,Vishakha,Shubha,Gara,,,,5:07 PM,1:57 PM,11:14 AM,5:07 PM,Ravivara,,Vrishakapi-Vamana,,,6:00,,,
128,23-Jul-18,Vilambi,Dakshinayana,Grishma,Ashadha,Shukla,Ekadashi,Anuradha,Shukla,Bhadra,,,,5:42 PM,3:10 PM,10:37 AM,5:42 PM,Somavara,,Vrishakapi-Vamana,,,6:00,,,
129,24-Jul-18,Vilambi,Dakshinayana,Grishma,Ashadha,Shukla,Dwadashi,Jyeshta,Brahma,Bhava,,,,6:47 PM,4:51 PM,10:24 AM,6:11 AM,Mangalavara,,Vrishakapi-Vamana,,,6:00,,,
130,25-Jul-18,Vilambi,Dakshinayana,Grishma,Ashadha,Shukla,Trayodashi,Moola,Indra,Kaulava,,,,8:16 PM,6:57 PM,10:32 AM,7:29 AM,Budhavara,,Vrishakapi-Vamana,,,6:00,,,
131,26-Jul-18,Vilambi,Dakshinayana,Grishma,Ashadha,Shukla,Chaturdashi,Purvashadha,Vaidhriti,Gara,,,,10:04 PM,9:22 PM,10:56 AM,9:08 AM,Guruvara,,Vrishakapi-Vamana,,,6:00,,,
132,27-Jul-18,Vilambi,Dakshinayana,Grishma,Ashadha,Shukla,Poornima,Uttarashadha,Vishkambha,Bhadra,,,,12:03 AM,11:57 PM,11:32 AM,11:03 AM,Shukravara,,Vrishakapi-Vamana,,,6:00,,,
133,28-Jul-18,Vilambi,Dakshinayana,Grishma,Ashadha,Krishna,Pratipad,Sharavana,Priti,Balava,,,,2:03 AM,2:33 AM,12:12 PM,1:03 PM,Shanivara,,Dhanya-Sridhara,,,6:00,,,
134,29-Jul-18,Vilambi,Dakshinayana,Grishma,Ashadha,Krishna,Dvitya,Dhanishta,Ayushman,Taitila,,,,3:53 AM,5:00 AM,12:48 PM,2:58 PM,Ravivara,,Dhanya-Sridhara,,,6:00,,,
135,30-Jul-18,Vilambi,Dakshinayana,Grishma,Ashadha,Krishna,Tritiya,Shatabhisha,Soubhagya,Vanija,,,,5:25 AM,6:00 AM,1:14 PM,4:40 PM,Somavara,,Dhanya-Sridhara,,,6:00,,,
136,31-Jul-18,Vilambi,Dakshinayana,Grishma,Ashadha,Krishna,Chaturthi,Shatabhisha,Shobhana,Bhava,,,,6:00 AM,7:08 AM,1:25 PM,5:59 PM,Mangalavara,,Dhanya-Sridhara,,,6:00,,,
137,01-Aug-18,Vilambi,Dakshinayana,Grishma,Ashadha,Krishna,Chaturthi,Purvabhadra,Atiganda,Balava,,,,6:34 AM,8:54 AM,1:16 PM,6:34 AM,Budhavara,,Dhanya-Sridhara,,,6:01,,,
138,02-Aug-18,Vilambi,Dakshinayana,Grishma,Ashadha,Krishna,Panchami,Uttarabhadra,Sukarma,Taitila,,,,7:13 AM,10:11 AM,12:43 PM,7:13 AM,Guruvara,,Dhanya-Sridhara,,,6:01,,,
139,03-Aug-18,Vilambi,Dakshinayana,Grishma,Ashadha,Krishna,Shashti,Revati,Dhriti,Vanija,,,,7:22 AM,10:57 AM,11:45 AM,7:22 AM,Shukravara,,Dhanya-Sridhara,,,6:01,,,
140,04-Aug-18,Vilambi,Dakshinayana,Grishma,Ashadha,Krishna,Saptami,Ashwini,Sula,Bhava,,,,7:01 AM,11:14 AM,10:24 AM,7:01 AM,Shanivara,,Dhanya-Sridhara,,,6:01,,,
141,05-Aug-18,Vilambi,Dakshinayana,Grishma,Ashadha,Krishna,Ashtami,Bharani,Ganda,Kaulava,,,,6:10 AM,11:03 AM,8:40 AM,6:10 AM,Ravivara,,Dhanya-Sridhara,,,6:01,,,
142,06-Aug-18,Vilambi,Dakshinayana,Grishma,Ashadha,Krishna,Dasami,Krittika,Vriddha,Vanija,,,,3:15 AM,10:27 AM,6:35 AM,4:04 PM,Somavara,,Dhanya-Sridhara,,,6:01,,,
143,07-Aug-18,Vilambi,Dakshinayana,Grishma,Ashadha,Krishna,Ekadashi,Rohini,Vyaghata,Bhava,,,,1:17 AM,9:29 AM,1:34 AM,2:16 PM,Mangalavara,,Dhanya-Sridhara,,,6:01,,,
144,08-Aug-18,Vilambi,Dakshinayana,Grishma,Ashadha,Krishna,Dwadashi,Mrigashira,Harshana,Kaulava,,,,11:06 PM,8:14 AM,10:43 PM,12:12 PM,Budhavara,,Dhanya-Sridhara,,,6:01,,,
145,09-Aug-18,Vilambi,Dakshinayana,Grishma,Ashadha,Krishna,Trayodashi,Ardra,Vajra,Gara,,,,8:45 PM,6:47 AM,7:46 PM,9:56 AM,Guruvara,,Dhanya-Sridhara,,,6:02,,,
146,10-Aug-18,Vilambi,Dakshinayana,Grishma,Ashadha,Krishna,Chaturdashi,Pushya,Siddhi,Bhadra,,,,6:17 PM,3:30 AM,4:43 PM,7:31 AM,Shukravara,,Dhanya-Sridhara,,,6:02,,,
147,11-Aug-18,Vilambi,Dakshinayana,Grishma,Ashadha,Krishna,Amavasya,Ashlesha,Vyatipata,Nagavan,,,,3:50 PM,1:51 AM,1:38 PM,3:50 PM,Shanivara,,Dhanya-Sridhara,,,6:02,,,
148,12-Aug-18,Vilambi,Dakshinayana,Varsha,Shravana,Shukla,Pratipad,Makha,Variyan,Bhava,,,,1:26 PM,12:19 AM,10:38 AM,1:26 PM,Ravivara,,Dhanya-Sridhara,,,6:02,,,
149,13-Aug-18,Vilambi,Dakshinayana,Varsha,Shravana,Shukla,Dvitya,Purvaphalguni,Parigha,Kaulava,,,,11:12 AM,10:58 PM,7:44 AM,11:12 AM,Somavara,,Dhanya-Sridhara,,,6:02,,,
150,14-Aug-18,Vilambi,Dakshinayana,Varsha,Shravana,Shukla,Tritiya,Uttaraphalguni,Siddha,Gara,,,,9:12 AM,9:54 PM,2:32 AM,9:12 AM,Mangalavara,,Dhanya-Sridhara,,,6:02,,,
151,15-Aug-18,Vilambi,Dakshinayana,Varsha,Shravana,Shukla,Chaturthi,Hasta,Sadhya,Bhadra,,,,7:30 AM,9:10 PM,12:20 AM,7:30 AM,Budhavara,,Dhanya-Sridhara,,,6:03,,,
152,16-Aug-18,Vilambi,Dakshinayana,Varsha,Shravana,Shukla,Panchami,Chitta,Shubha,Balava,,,,6:09 AM,8:49 PM,10:28 PM,6:09 AM,Guruvara,,Dhanya-Sridhara,,,6:03,,,
153,17-Aug-18,Vilambi,Dakshinayana,Varsha,Shravana,Shukla,Saptami,Swati,Shukla,Gara,,,,4:48 AM,8:56 PM,8:58 PM,5:01 PM,Shukravara,,Dhanya-Sridhara,,,6:03,,,
154,18-Aug-18,Vilambi,Dakshinayana,Varsha,Shravana,Shukla,Ashtami,Vishakha,Brahma,Bhadra,,,,4:51 AM,9:31 PM,7:52 PM,4:49 PM,Shanivara,,Dhanya-Sridhara,,,6:03,,,
155,19-Aug-18,Vilambi,Dakshinayana,Varsha,Shravana,Shukla,Navami,Anuradha,Indra,Balava,,,,5:26 AM,10:37 PM,7:09 PM,5:08 PM,Ravivara,,Dhanya-Sridhara,,,6:03,,,
156,20-Aug-18,Vilambi,Dakshinayana,Varsha,Shravana,Shukla,Dasami,Jyeshta,Vaidhriti,Taitila,,,,6:03 AM,12:12 AM,6:51 PM,5:57 PM,Somavara,,Dhanya-Sridhara,,,6:03,,,
157,21-Aug-18,Vilambi,Dakshinayana,Varsha,Shravana,Shukla,Dasami,Moola,Vishkambha,Gara,,,,6:30 AM,2:14 AM,6:54 PM,6:30 AM,Mangalavara,,Dhanya-Sridhara,,,6:04,,,
158,22-Aug-18,Vilambi,Dakshinayana,Varsha,Shravana,Shukla,Ekadashi,Purvashadha,Priti,Bhadra,,,,7:58 AM,4:34 AM,7:14 PM,7:58 AM,Budhavara,,Dhanya-Sridhara,,,6:04,,,
159,23-Aug-18,Vilambi,Dakshinayana,Varsha,Shravana,Shukla,Dwadashi,Uttarashadha,Ayushman,Balava,,,,9:47 AM,6:04 AM,7:46 PM,9:47 AM,Guruvara,,Dhanya-Sridhara,,,6:04,,,
160,24-Aug-18,Vilambi,Dakshinayana,Varsha,Shravana,Shukla,Trayodashi,Uttarashadha,Soubhagya,Taitila,,,,11:48 AM,7:08 AM,8:24 PM,11:48 AM,Shukravara,,Dhanya-Sridhara,,,6:04,,,
161,25-Aug-18,Vilambi,Dakshinayana,Varsha,Shravana,Shukla,Chaturdashi,Sharavana,Shobhana,Vanija,,,,1:50 PM,9:45 AM,9:02 PM,1:50 PM,Shanivara,,Dhanya-Sridhara,,,6:05,,,
162,26-Aug-18,Vilambi,Dakshinayana,Varsha,Shravana,Shukla,Poornima,Dhanishta,Atiganda,Bhava,,,,3:43 PM,12:15 PM,9:30 PM,3:43 PM,Ravivara,,Dhanya-Sridhara,,,6:05,,,
163,27-Aug-18,Vilambi,Dakshinayana,Varsha,Shravana,Krishna,Pratipad,Shatabhisha,Sukarma,Kaulava,,,,5:17 PM,2:28 PM,9:42 PM,5:17 PM,Somavara,,Vriddha-Hrishekesha,,,6:05,,,
164,28-Aug-18,Vilambi,Dakshinayana,Varsha,Shravana,Krishna,Dvitya,Purvabhadra,Dhriti,Gara,,,,6:28 PM,4:19 PM,9:35 PM,6:28 PM,Mangalavara,,Vriddha-Hrishekesha,,,6:05,,,
165,29-Aug-18,Vilambi,Dakshinayana,Varsha,Shravana,Krishna,Tritiya,Uttarabhadra,Sula,Vanija,,,,7:11 PM,5:42 PM,9:06 PM,6:53 AM,Budhavara,,Vriddha-Hrishekesha,,,6:05,,,
166,30-Aug-18,Vilambi,Dakshinayana,Varsha,Shravana,Krishna,Chaturthi,Revati,Ganda,Bhava,,,,7:23 PM,6:36 PM,8:14 PM,7:20 AM,Guruvara,,Vriddha-Hrishekesha,,,6:06,,,
167,31-Aug-18,Vilambi,Dakshinayana,Varsha,Shravana,Krishna,Panchami,Ashwini,Vriddha,Kaulava,,,,7:05 PM,7:00 PM,6:56 PM,7:17 AM,Shukravara,,Vriddha-Hrishekesha,,,6:06,,,
168,01-Sep-18,Vilambi,Dakshinayana,Varsha,Shravana,Krishna,Shashti,Bharani,Dhruva,Gara,,,,6:17 PM,6:55 PM,5:15 PM,6:44 AM,Shanivara,,Vriddha-Hrishekesha,,,6:06,,,
169,02-Sep-18,Vilambi,Dakshinayana,Varsha,Shravana,Krishna,Saptami,Krittika,Vyaghata,Bhava,,,,5:04 PM,6:24 PM,3:13 PM,5:04 PM,Ravivara,,Vriddha-Hrishekesha,,,6:06,,,
170,03-Sep-18,Vilambi,Dakshinayana,Varsha,Shravana,Krishna,Ashtami,Rohini,Harshana,Kaulava,,,,3:28 PM,5:32 PM,12:53 PM,3:28 PM,Somavara,,Vriddha-Hrishekesha,,,6:07,,,
171,04-Sep-18,Vilambi,Dakshinayana,Varsha,Shravana,Krishna,Navami,Mrigashira,Vajra,Gara,,,,1:33 PM,4:20 PM,10:17 AM,1:33 PM,Mangalavara,,Vriddha-Hrishekesha,,,6:07,,,
172,05-Sep-18,Vilambi,Dakshinayana,Varsha,Shravana,Krishna,Dasami,Ardra,Siddhi,Bhadra,,,,11:22 AM,2:54 PM,7:27 AM,11:22 AM,Budhavara,,Vriddha-Hrishekesha,,,6:07,,,
173,06-Sep-18,Vilambi,Dakshinayana,Varsha,Shravana,Krishna,Ekadashi,Punarvasu,Variyan,Balava,,,,9:02 AM,1:19 PM,1:26 AM,9:02 AM,Guruvara,,Vriddha-Hrishekesha,,,6:07,,,
174,07-Sep-18,Vilambi,Dakshinayana,Varsha,Shravana,Krishna,Dwadashi,Pushya,Parigha,Taitila,,,,6:37 AM,11:40 AM,10:21 PM,6:37 AM,Shukravara,,Vriddha-Hrishekesha,,,6:08,,,
175,08-Sep-18,Vilambi,Dakshinayana,Varsha,Shravana,Krishna,Chaturdashi,Ashlesha,Shiva,Bhadra,,,,1:48 AM,10:00 AM,7:18 PM,2:59 PM,Shanivara,,Vriddha-Hrishekesha,,,6:08,,,
176,09-Sep-18,Vilambi,Dakshinayana,Varsha,Shravana,Krishna,Amavasya,Makha,Siddha,Chatuspat,,,,11:34 PM,8:26 AM,4:21 PM,12:41 PM,Ravivara,,Vriddha-Hrishekesha,,,6:08,,,
177,10-Sep-18,Vilambi,Dakshinayana,Varsha,Bhadrapada,Shukla,Pratipad,Purvaphalguni,Sadhya,Kimstugna,,,,9:36 PM,7:03 AM,1:35 PM,10:35 AM,Somavara,,Vriddha-Hrishekesha,,,6:09,,,
178,11-Sep-18,Vilambi,Dakshinayana,Varsha,Bhadrapada,Shukla,Dvitya,Hasta,Shubha,Balava,,,,7:54 PM,5:05 AM,11:01 AM,8:43 AM,Mangalavara,,Vriddha-Hrishekesha,,,6:09,,,
179,12-Sep-18,Vilambi,Dakshinayana,Varsha,Bhadrapada,Shukla,Tritiya,Chitta,Shukla,Taitila,,,,6:34 PM,4:39 AM,8:43 AM,7:11 AM,Budhavara,,Vriddha-Hrishekesha,,,6:09,,,
180,13-Sep-18,Vilambi,Dakshinayana,Varsha,Bhadrapada,Shukla,Chaturthi,Swati,Brahma,Bhadra,,,,5:39 PM,4:39 AM,6:45 AM,5:39 PM,Guruvara,,Vriddha-Hrishekesha,,,6:09,,,
181,14-Sep-18,Vilambi,Dakshinayana,Varsha,Bhadrapada,Shukla,Panchami,Vishakha,Vaidhriti,Balava,,,,5:14 PM,5:08 AM,3:56 AM,5:14 PM,Shukravara,,Vriddha-Hrishekesha,,,6:10,,,
182,15-Sep-18,Vilambi,Dakshinayana,Varsha,Bhadrapada,Shukla,Shashti,Anuradha,Vishkambha,Taitila,,,,5:18 PM,6:07 AM,3:06 AM,5:18 PM,Shanivara,,Vriddha-Hrishekesha,,,6:10,,,
183,16-Sep-18,Vilambi,Dakshinayana,Varsha,Bhadrapada,Shukla,Saptami,Jyeshta,Priti,Vanija,,,,5:53 PM,6:10 AM,2:41 AM,5:53 PM,Ravivara,,Vriddha-Hrishekesha,,,6:10,,,
184,17-Sep-18,Vilambi,Dakshinayana,Varsha,Bhadrapada,Shukla,Ashtami,Jyeshta,Ayushman,Bhadra,,,,6:59 PM,7:36 AM,2:38 AM,6:23 AM,Somavara,,Vriddha-Hrishekesha,,,6:11,,,
185,18-Sep-18,Vilambi,Dakshinayana,Varsha,Bhadrapada,Shukla,Navami,Moola,Soubhagya,Balava,,,,8:29 PM,9:31 AM,2:52 AM,7:41 AM,Mangalavara,,Vriddha-Hrishekesha,,,6:11,,,
186,19-Sep-18,Vilambi,Dakshinayana,Varsha,Bhadrapada,Shukla,Dasami,Purvashadha,Shobhana,Taitila,,,,10:19 PM,11:47 AM,3:20 AM,9:22 AM,Budhavara,,Vriddha-Hrishekesha,,,6:11,,,
187,20-Sep-18,Vilambi,Dakshinayana,Varsha,Bhadrapada,Shukla,Ekadashi,Uttarashadha,Atiganda,Vanija,,,,12:21 AM,2:19 PM,3:56 AM,11:19 AM,Guruvara,,Vriddha-Hrishekesha,,,6:11,,,
188,21-Sep-18,Vilambi,Dakshinayana,Varsha,Bhadrapada,Shukla,Dwadashi,Sharavana,Sukarma,Bhava,,,,2:26 AM,4:56 PM,4:33 AM,1:24 PM,Shukravara,,Vriddha-Hrishekesha,,,6:12,,,
189,22-Sep-18,Vilambi,Dakshinayana,Varsha,Bhadrapada,Shukla,Trayodashi,Dhanishta,Dhriti,Kaulava,,,,4:21 AM,7:28 PM,5:01 AM,3:23 PM,Shanivara,,Vriddha-Hrishekesha,,,6:12,,,
190,23-Sep-18,Vilambi,Dakshinayana,Varsha,Bhadrapada,Shukla,Chaturdashi,Shatabhisha,Sula,Gara,,,,5:58 AM,9:46 PM,5:16 AM,5:09 PM,Ravivara,,Vriddha-Hrishekesha,,,6:12,,,
191,24-Sep-18,Vilambi,Dakshinayana,Varsha,Bhadrapada,Shukla,Poornima,Purvabhadra,Ganda,Bhadra,,,,6:13 AM,11:43 PM,5:13 AM,6:36 PM,Somavara,,Vriddha-Hrishekesha,,,6:13,,,
192,25-Sep-18,Vilambi,Dakshinayana,Varsha,Bhadrapada,Shukla,Poornima,Uttarabhadra,Vriddha,Bhava,,,,7:12 AM,1:13 AM,4:47 AM,7:12 AM,Mangalavara,,Vriddha-Hrishekesha,,,6:13,,,
193,26-Sep-18,Vilambi,Dakshinayana,Varsha,Bhadrapada,Krishna,Pratipad,Revati,Dhruva,Kaulava,,,,7:57 AM,2:13 AM,3:58 AM,7:57 AM,Budhavara,,Yagna-Padmanabha,,,6:13,,,
194,27-Sep-18,Vilambi,Dakshinayana,Varsha,Bhadrapada,Krishna,Dvitya,Ashwini,Vyaghata,Gara,,,,8:13 AM,2:44 AM,2:46 AM,8:13 AM,Guruvara,,Yagna-Padmanabha,,,6:14,,,
195,28-Sep-18,Vilambi,Dakshinayana,Varsha,Bhadrapada,Krishna,Tritiya,Bharani,Harshana,Bhadra,,,,7:56 AM,2:46 AM,1:09 AM,7:56 AM,Shukravara,,Yagna-Padmanabha,,,6:14,,,
196,29-Sep-18,Vilambi,Dakshinayana,Varsha,Bhadrapada,Krishna,Chaturthi,Krittika,Vajra,Balava,,,,7:11 AM,2:21 AM,11:10 PM,7:11 AM,Shanivara,,Yagna-Padmanabha,,,6:14,,,
197,30-Sep-18,Vilambi,Dakshinayana,Varsha,Bhadrapada,Krishna,Shashti,Rohini,Siddhi,Gara,,,,4:26 AM,1:33 AM,8:53 PM,5:13 PM,Ravivara,,Yagna-Padmanabha,,,6:15,,,
198,01-Oct-18,Vilambi,Dakshinayana,Varsha,Bhadrapada,Krishna,Saptami,Mrigashira,Vyatipata,Bhadra,,,,2:33 AM,12:25 AM,6:19 PM,3:29 PM,Somavara,,Yagna-Padmanabha,,,6:15,,,
199,02-Oct-18,Vilambi,Dakshinayana,Varsha,Bhadrapada,Krishna,Ashtami,Ardra,Variyan,Balava,,,,12:24 AM,11:02 PM,3:31 PM,1:28 PM,Mangalavara,,Yagna-Padmanabha,,,6:15,,,
200,03-Oct-18,Vilambi,Dakshinayana,Varsha,Bhadrapada,Krishna,Navami,Punarvasu,Parigha,Taitila,,,,10:07 PM,9:29 PM,12:34 PM,11:16 AM,Budhavara,,Yagna-Padmanabha,,,6:16,,,
201,04-Oct-18,Vilambi,Dakshinayana,Varsha,Bhadrapada,Krishna,Dasami,Pushya,Shiva,Vanija,,,,7:42 PM,7:50 PM,9:30 AM,8:54 AM,Guruvara,,Yagna-Padmanabha,,,6:16,,,
202,05-Oct-18,Vilambi,Dakshinayana,Varsha,Bhadrapada,Krishna,Ekadashi,Ashlesha,Siddha,Bhava,,,,5:17 PM,6:10 PM,6:23 AM,6:29 AM,Shukravara,,Yagna-Padmanabha,,,6:16,,,
203,06-Oct-18,Vilambi,Dakshinayana,Varsha,Bhadrapada,Krishna,Dwadashi,Makha,Shubha,Taitila,,,,2:57 PM,4:35 PM,12:19 AM,2:57 PM,Shanivara,,Yagna-Padmanabha,,,6:17,,,
204,07-Oct-18,Vilambi,Dakshinayana,Varsha,Bhadrapada,Krishna,Trayodashi,Purvaphalguni,Shukla,Vanija,,,,12:45 PM,3:08 PM,9:27 PM,12:45 PM,Ravivara,,Yagna-Padmanabha,,,6:17,,,
205,08-Oct-18,Vilambi,Dakshinayana,Varsha,Bhadrapada,Krishna,Chaturdashi,Uttaraphalguni,Brahma,Shakuni,,,,10:47 AM,1:55 PM,6:48 PM,10:47 AM,Somavara,,Yagna-Padmanabha,,,6:17,,,
207,09-Oct-18,Vilambi,Dakshinayana,Varsha,Bhadrapada,Krishna,Amavasya,Hasta,Indra,Nagavan,,,,9:08 AM,1:02 PM,4:25 PM,9:08 AM,Mangalavara,,Yagna-Padmanabha,,,6:18,,,
208,10-Oct-18,Vilambi,Dakshinayana,Sharad,Ashvija,Shukla,Pratipad,Chitta,Vaidhriti,Bhava,,,,7:49 AM,12:30 PM,2:20 PM,7:49 AM,Budhavara,,Yagna-Padmanabha,,,6:18,,,
209,11-Oct-18,Vilambi,Dakshinayana,Sharad,Ashvija,Shukla,Dvitya,Swati,Vishkambha,Kaulava,,,,6:57 AM,12:24 PM,12:37 PM,6:57 AM,Guruvara,,Yagna-Padmanabha,,,6:19,,,
210,12-Oct-18,Vilambi,Dakshinayana,Sharad,Ashvija,Shukla,Tritiya,Vishakha,Priti,Gara,,,,6:33 AM,12:46 PM,11:15 AM,6:33 AM,Shukravara,,Yagna-Padmanabha,,,6:19,,,
211,13-Oct-18,Vilambi,Dakshinayana,Sharad,Ashvija,Shukla,Chaturthi,Anuradha,Ayushman,Bhadra,,,,6:39 AM,1:37 PM,10:18 AM,6:39 AM,Shanivara,,Yagna-Padmanabha,,,6:19,,,
212,14-Oct-18,Vilambi,Dakshinayana,Sharad,Ashvija,Shukla,Panchami,Jyeshta,Soubhagya,Balava,,,,7:17 AM,3:00 PM,9:45 AM,7:17 AM,Ravivara,,Yagna-Padmanabha,,,6:20,,,
213,15-Oct-18,Vilambi,Dakshinayana,Sharad,Ashvija,Shukla,Shashti,Moola,Shobhana,Taitila,,,,8:24 AM,4:49 PM,9:34 AM,8:24 AM,Somavara,,Yagna-Padmanabha,,,6:20,,,
214,16-Oct-18,Vilambi,Dakshinayana,Sharad,Ashvija,Shukla,Saptami,Purvashadha,Atiganda,Vanija,,,,9:56 AM,7:01 PM,9:41 AM,9:56 AM,Mangalavara,,Yagna-Padmanabha,,,6:20,,,
215,17-Oct-18,Vilambi,Dakshinayana,Sharad,Ashvija,Shukla,Ashtami,Uttarashadha,Sukarma,Bhava,,,,11:50 AM,9:31 PM,10:06 AM,11:50 AM,Budhavara,,Yagna-Padmanabha,,,6:21,,,
216,18-Oct-18,Vilambi,Dakshinayana,Sharad,Ashvija,Shukla,Navami,Sharavana,Dhriti,Kaulava,,,,1:55 PM,12:07 AM,10:38 AM,1:55 PM,Guruvara,,Yagna-Padmanabha,,,6:21,,,
217,19-Oct-18,Vilambi,Dakshinayana,Sharad,Ashvija,Shukla,Dasami,Dhanishta,Sula,Gara,,,,4:02 PM,2:42 AM,11:14 AM,4:02 PM,Shukravara,,Yagna-Padmanabha,,,6:22,,,
218,20-Oct-18,Vilambi,Dakshinayana,Sharad,Ashvija,Shukla,Ekadashi,Shatabhisha,Ganda,Bhadra,,,,5:59 PM,5:04 AM,11:42 AM,5:59 PM,Shanivara,,Yagna-Padmanabha,,,6:22,,,
219,21-Oct-18,Vilambi,Dakshinayana,Sharad,Ashvija,Shukla,Dwadashi,Purvabhadra,Vriddha,Bhava,,,,7:38 PM,6:22 AM,12:00 PM,6:51 AM,Ravivara,,Yagna-Padmanabha,,,6:22,,,
220,22-Oct-18,Vilambi,Dakshinayana,Sharad,Ashvija,Shukla,Trayodashi,Purvabhadra,Dhruva,Kaulava,,,,8:55 PM,7:05 AM,12:00 PM,8:19 AM,Somavara,,Yagna-Padmanabha,,,6:23,,,
221,23-Oct-18,Vilambi,Dakshinayana,Sharad,Ashvija,Shukla,Chaturdashi,Uttarabhadra,Vyaghata,Gara,,,,9:42 PM,8:42 AM,11:39 AM,9:20 AM,Mangalavara,,Yagna-Padmanabha,,,6:23,,,
222,24-Oct-18,Vilambi,Dakshinayana,Sharad,Ashvija,Shukla,Poornima,Revati,Harshana,Bhadra,,,,9:57 PM,9:49 AM,10:55 AM,9:51 AM,Budhavara,,Yagna-Padmanabha,,,6:23,,,
223,25-Oct-18,Vilambi,Dakshinayana,Sharad,Ashvija,Krishna,Pratipad,Ashwini,Vajra,Balava,,,,9:44 PM,10:27 AM,9:47 AM,9:52 AM,Guruvara,,Indira-Damodara,,,6:24,,,
224,26-Oct-18,Vilambi,Dakshinayana,Sharad,Ashvija,Krishna,Dvitya,Bharani,Siddhi,Taitila,,,,9:00 PM,10:35 AM,8:15 AM,9:23 AM,Shukravara,,Indira-Damodara,,,6:24,,,
225,27-Oct-18,Vilambi,Dakshinayana,Sharad,Ashvija,Krishna,Tritiya,Krittika,Variyan,Vanija,,,,7:50 PM,10:17 AM,4:08 AM,8:27 AM,Shanivara,,Indira-Damodara,,,6:25,,,
226,28-Oct-18,Vilambi,Dakshinayana,Sharad,Ashvija,Krishna,Chaturthi,Rohini,Parigha,Bhava,,,,6:17 PM,9:33 AM,1:36 AM,7:05 AM,Ravivara,,Indira-Damodara,,,6:25,,,
227,29-Oct-18,Vilambi,Dakshinayana,Sharad,Ashvija,Krishna,Panchami,Mrigashira,Shiva,Taitila,,,,4:24 PM,8:29 AM,10:50 PM,4:24 PM,Somavara,,Indira-Damodara,,,6:25,,,
228,30-Oct-18,Vilambi,Dakshinayana,Sharad,Ashvija,Krishna,Shashti,Ardra,Siddha,Vanija,,,,2:18 PM,7:10 AM,7:54 PM,2:18 PM,Mangalavara,,Indira-Damodara,,,6:26,,,
229,31-Oct-18,Vilambi,Dakshinayana,Sharad,Ashvija,Krishna,Saptami,Pushya,Sadhya,Bhava,,,,12:01 PM,4:00 AM,4:50 PM,12:01 PM,Budhavara,,Indira-Damodara,,,6:26,,,
230,01-Nov-18,Vilambi,Dakshinayana,Sharad,Ashvija,Krishna,Ashtami,Ashlesha,Shubha,Kaulava,,,,9:38 AM,2:19 AM,1:42 PM,9:38 AM,Guruvara,,Indira-Damodara,,,6:26,,,
231,02-Nov-18,Vilambi,Dakshinayana,Sharad,Ashvija,Krishna,Navami,Makha,Shukla,Gara,,,,7:15 AM,12:43 AM,10:35 AM,7:15 AM,Shukravara,,Indira-Damodara,,,6:27,,,
232,03-Nov-18,Vilambi,Dakshinayana,Sharad,Ashvija,Krishna,Ekadashi,Purvaphalguni,Brahma,Bhava,,,,2:47 AM,11:14 PM,7:32 AM,3:52 PM,Shanivara,,Indira-Damodara,,,6:27,,,
233,04-Nov-18,Vilambi,Dakshinayana,Sharad,Ashvija,Krishna,Dwadashi,Uttaraphalguni,Vaidhriti,Kaulava,,,,12:52 AM,9:59 PM,1:53 AM,1:50 PM,Ravivara,,Indira-Damodara,,,6:28,,,
234,05-Nov-18,Vilambi,Dakshinayana,Sharad,Ashvija,Krishna,Trayodashi,Hasta,Vishkambha,Gara,,,,11:14 PM,9:00 PM,11:23 PM,12:02 PM,Somavara,,Indira-Damodara,,,6:28,,,
235,06-Nov-18,Vilambi,Dakshinayana,Sharad,Ashvija,Krishna,Chaturdashi,Chitta,Priti,Bhadra,,,,9:58 PM,8:22 PM,9:10 PM,10:34 AM,Mangalavara,,Indira-Damodara,,,6:28,,,
236,07-Nov-18,Vilambi,Dakshinayana,Sharad,Ashvija,Krishna,Amavasya,Swati,Ayushman,Chatuspat,,,,9:09 PM,8:10 PM,7:19 PM,9:32 AM,Budhavara,,Indira-Damodara,,,6:29,,,
237,08-Nov-18,Vilambi,Dakshinayana,Sharad,Kartika,Shukla,Pratipad,Vishakha,Soubhagya,Kimstugna,,,,8:47 PM,8:25 PM,5:49 PM,8:56 AM,Guruvara,,Indira-Damodara,,,6:29,,,
238,09-Nov-18,Vilambi,Dakshinayana,Sharad,Kartika,Shukla,Dvitya,Anuradha,Shobhana,Balava,,,,8:57 PM,9:10 PM,4:43 PM,8:49 AM,Shukravara,,Indira-Damodara,,,6:29,,,
239,10-Nov-18,Vilambi,Dakshinayana,Sharad,Kartika,Shukla,Tritiya,Jyeshta,Atiganda,Taitila,,,,9:38 PM,10:26 PM,4:02 PM,9:16 AM,Shanivara,,Indira-Damodara,,,6:30,,,
240,11-Nov-18,Vilambi,Dakshinayana,Sharad,Kartika,Shukla,Chaturthi,Moola,Sukarma,Vanija,,,,10:48 PM,12:09 AM,3:42 PM,10:11 AM,Ravivara,,Indira-Damodara,,,6:30,,,
241,12-Nov-18,Vilambi,Dakshinayana,Sharad,Kartika,Shukla,Panchami,Purvashadha,Dhriti,Bhava,,,,12:25 AM,2:17 AM,3:44 PM,11:36 AM,Somavara,,Indira-Damodara,,,6:31,,,
242,13-Nov-18,Vilambi,Dakshinayana,Sharad,Kartika,Shukla,Shashti,Uttarashadha,Sula,Kaulava,,,,2:20 AM,4:42 AM,4:02 PM,1:22 PM,Mangalavara,,Indira-Damodara,,,6:31,,,
243,14-Nov-18,Vilambi,Dakshinayana,Sharad,Kartika,Shukla,Saptami,Sharavana,Ganda,Gara,,,,4:28 AM,6:31 AM,4:30 PM,3:23 PM,Budhavara,,Indira-Damodara,,,6:31,,,
244,15-Nov-18,Vilambi,Dakshinayana,Sharad,Kartika,Shukla,Ashtami,Sharavana,Vriddha,Bhadra,,,,6:32 AM,7:18 AM,5:04 PM,5:32 PM,Guruvara,,Indira-Damodara,,,6:32,,,
245,16-Nov-18,Vilambi,Dakshinayana,Sharad,Kartika,Shukla,Ashtami,Dhanishta,Dhruva,Bhava,,,,6:36 AM,9:54 AM,5:34 PM,6:36 AM,Shukravara,,Indira-Damodara,,,6:32,,,
246,17-Nov-18,Vilambi,Dakshinayana,Sharad,Kartika,Shukla,Navami,Shatabhisha,Vyaghata,Kaulava,,,,8:35 AM,12:19 PM,5:54 PM,8:35 AM,Shanivara,,Indira-Damodara,,,6:32,,,
247,18-Nov-18,Vilambi,Dakshinayana,Sharad,Kartika,Shukla,Dasami,Purvabhadra,Harshana,Gara,,,,10:17 AM,2:27 PM,5:59 PM,10:17 AM,Ravivara,,Indira-Damodara,,,6:33,,,
248,19-Nov-18,Vilambi,Dakshinayana,Sharad,Kartika,Shukla,Ekadashi,Uttarabhadra,Vajra,Bhadra,,,,11:32 AM,4:09 PM,5:43 PM,11:32 AM,Somavara,,Indira-Damodara,,,6:33,,,
249,20-Nov-18,Vilambi,Dakshinayana,Sharad,Kartika,Shukla,Dwadashi,Revati,Siddhi,Balava,,,,12:19 PM,5:23 PM,5:04 PM,12:19 PM,Mangalavara,,Indira-Damodara,,,6:33,,,
250,21-Nov-18,Vilambi,Dakshinayana,Sharad,Kartika,Shukla,Trayodashi,Ashwini,Vyatipata,Taitila,,,,12:36 PM,6:08 PM,4:02 PM,12:36 PM,Budhavara,,Indira-Damodara,,,6:34,,,
251,22-Nov-18,Vilambi,Dakshinayana,Sharad,Kartika,Shukla,Chaturdashi,Bharani,Variyan,Vanija,,,,12:22 PM,6:23 PM,2:36 PM,12:22 PM,Guruvara,,Indira-Damodara,,,6:34,,,
252,23-Nov-18,Vilambi,Dakshinayana,Sharad,Kartika,Shukla,Poornima,Krittika,Parigha,Bhava,,,,11:39 AM,6:10 PM,12:48 PM,11:39 AM,Shukravara,,Indira-Damodara,,,6:35,,,
253,24-Nov-18,Vilambi,Dakshinayana,Sharad,Kartika,Krishna,Pratipad,Rohini,Shiva,Kaulava,,,,10:28 AM,5:32 PM,10:39 AM,10:28 AM,Shanivara,,Sri-Keshava,,,6:35,,,
254,25-Nov-18,Vilambi,Dakshinayana,Sharad,Kartika,Krishna,Dvitya,Mrigashira,Siddha,Gara,,,,8:55 AM,4:33 PM,8:11 AM,8:55 AM,Ravivara,,Sri-Keshava,,,6:35,,,
255,26-Nov-18,Vilambi,Dakshinayana,Sharad,Kartika,Krishna,Tritiya,Ardra,Shubha,Bhadra,,,,7:04 AM,3:17 PM,2:35 AM,7:04 AM,Somavara,,Sri-Keshava,,,6:36,,,
256,27-Nov-18,Vilambi,Dakshinayana,Sharad,Kartika,Krishna,Panchami,Punarvasu,Shukla,Kaulava,,,,2:42 AM,1:48 PM,11:32 PM,3:50 PM,Mangalavara,,Sri-Keshava,,,6:36,,,
257,28-Nov-18,Vilambi,Dakshinayana,Sharad,Kartika,Krishna,Shashti,Pushya,Brahma,Gara,,,,12:20 AM,12:10 PM,8:23 PM,1:30 PM,Budhavara,,Sri-Keshava,,,6:36,,,
258,29-Nov-18,Vilambi,Dakshinayana,Sharad,Kartika,Krishna,Saptami,Ashlesha,Indra,Bhadra,,,,9:58 PM,10:30 AM,5:14 PM,11:09 AM,Guruvara,,Sri-Keshava,,,6:36,,,
259,30-Nov-18,Vilambi,Dakshinayana,Sharad,Kartika,Krishna,Ashtami,Makha,Vaidhriti,Balava,,,,7:41 PM,8:52 AM,2:09 PM,8:49 AM,Shukravara,,Sri-Keshava,,,6:37,,,
260,01-Dec-18,Vilambi,Dakshinayana,Sharad,Kartika,Krishna,Navami,Purvaphalguni,Vishkambha,Gara,,,,5:34 PM,7:21 AM,11:09 AM,5:34 PM,Shanivara,,Sri-Keshava,,,6:37,,,
261,02-Dec-18,Vilambi,Dakshinayana,Sharad,Kartika,Krishna,Dasami,Hasta,Priti,Bhadra,,,,3:40 PM,4:58 AM,8:19 AM,3:40 PM,Ravivara,,Sri-Keshava,,,6:37,,,
262,03-Dec-18,Vilambi,Dakshinayana,Sharad,Kartika,Krishna,Ekadashi,Chitta,Soubhagya,Balava,,,,2:06 PM,4:16 AM,3:25 AM,2:06 PM,Somavara,,Sri-Keshava,,,6:38,,,
263,04-Dec-18,Vilambi,Dakshinayana,Sharad,Kartika,Krishna,Dwadashi,Swati,Shobhana,Taitila,,,,12:53 PM,3:57 AM,1:25 AM,12:53 PM,Mangalavara,,Sri-Keshava,,,6:38,,,
264,05-Dec-18,Vilambi,Dakshinayana,Sharad,Kartika,Krishna,Trayodashi,Vishakha,Atiganda,Vanija,,,,12:06 PM,4:06 AM,11:47 PM,12:06 PM,Budhavara,,Sri-Keshava,,,6:38,,,
265,06-Dec-18,Vilambi,Dakshinayana,Sharad,Kartika,Krishna,Chaturdashi,Anuradha,Sukarma,Shakuni,,,,11:50 AM,4:45 AM,10:33 PM,11:50 AM,Guruvara,,Sri-Keshava,,,6:39,,,
266,07-Dec-18,Vilambi,Dakshinayana,Sharad,Kartika,Krishna,Amavasya,Jyeshta,Dhriti,Nagavan,,,,12:03 PM,5:53 AM,9:42 PM,12:03 PM,Shukravara,,Sri-Keshava,,,6:39,,,
267,08-Dec-18,Vilambi,Dakshinayana,Hemanta,Margashira,Shukla,Pratipad,Moola,Sula,Bhava,,,,12:47 PM,6:39 AM,9:14 PM,12:47 PM,Shanivara,,Sri-Keshava,,,6:39,,,
268,09-Dec-18,Vilambi,Dakshinayana,Hemanta,Margashira,Shukla,Dvitya,Moola,Ganda,Kaulava,,,,2:01 PM,7:30 AM,9:07 PM,2:01 PM,Ravivara,,Sri-Keshava,,,6:39,,,
269,10-Dec-18,Vilambi,Dakshinayana,Hemanta,Margashira,Shukla,Tritiya,Purvashadha,Vriddha,Gara,,,,3:41 PM,9:33 AM,9:20 PM,3:41 PM,Somavara,,Sri-Keshava,,,6:40,,,
270,11-Dec-18,Vilambi,Dakshinayana,Hemanta,Margashira,Shukla,Chaturthi,Uttarashadha,Dhruva,Bhadra,,,,5:39 PM,11:55 AM,9:44 PM,5:39 PM,Mangalavara,,Sri-Keshava,,,6:40,,,
271,12-Dec-18,Vilambi,Dakshinayana,Hemanta,Margashira,Shukla,Panchami,Sharavana,Vyaghata,Bhava,,,,7:48 PM,2:29 PM,10:16 PM,6:43 AM,Budhavara,,Sri-Keshava,,,6:40,,,
272,13-Dec-18,Vilambi,Dakshinayana,Hemanta,Margashira,Shukla,Shashti,Dhanishta,Harshana,Kaulava,,,,9:58 PM,5:06 PM,10:46 PM,8:53 AM,Guruvara,,Sri-Keshava,,,6:40,,,
273,14-Dec-18,Vilambi,Dakshinayana,Hemanta,Margashira,Shukla,Saptami,Shatabhisha,Vajra,Gara,,,,11:58 PM,7:35 PM,11:10 PM,10:59 AM,Shukravara,,Sri-Keshava,,,6:41,,,
274,15-Dec-18,Vilambi,Dakshinayana,Hemanta,Margashira,Shukla,Ashtami,Purvabhadra,Siddhi,Bhadra,,,,1:38 AM,9:47 PM,11:19 PM,12:49 PM,Shanivara,,Sri-Keshava,,,6:41,,,
275,16-Dec-18,Vilambi,Dakshinayana,Hemanta,Margashira,Shukla,Navami,Uttarabhadra,Vyatipata,Balava,,,,2:53 AM,11:35 PM,11:09 PM,2:16 PM,Ravivara,,Sri-Keshava,,,6:41,,,
276,17-Dec-18,Vilambi,Dakshinayana,Hemanta,Margashira,Shukla,Dasami,Revati,Variyan,Taitila,,,,3:39 AM,12:56 AM,10:37 PM,3:16 PM,Somavara,,Sri-Keshava,,,6:41,,,
277,18-Dec-18,Vilambi,Dakshinayana,Hemanta,Margashira,Shukla,Ekadashi,Ashwini,Parigha,Vanija,,,,3:54 AM,1:47 AM,9:42 PM,3:46 PM,Mangalavara,,Sri-Keshava,,,6:41,,,
278,19-Dec-18,Vilambi,Dakshinayana,Hemanta,Margashira,Shukla,Dwadashi,Bharani,Shiva,Bhava,,,,3:38 AM,2:10 AM,8:24 PM,3:46 PM,Budhavara,,Sri-Keshava,,,6:42,,,
279,20-Dec-18,Vilambi,Dakshinayana,Hemanta,Margashira,Shukla,Trayodashi,Krittika,Siddha,Kaulava,,,,2:53 AM,2:03 AM,6:42 PM,3:16 PM,Guruvara,,Sri-Keshava,,,6:42,,,
280,21-Dec-18,Vilambi,Dakshinayana,Hemanta,Margashira,Shukla,Chaturdashi,Rohini,Sadhya,Gara,,,,1:42 AM,1:30 AM,4:38 PM,2:18 PM,Shukravara,,Sri-Keshava,,,6:42,,,
281,22-Dec-18,Vilambi,Dakshinayana,Hemanta,Margashira,Shukla,Poornima,Mrigashira,Shubha,Bhadra,,,,12:08 AM,12:35 AM,2:16 PM,12:55 PM,Shanivara,,Sri-Keshava,,,6:42,,,
282,23-Dec-18,Vilambi,Dakshinayana,Hemanta,Margashira,Krishna,Pratipad,Ardra,Shukla,Balava,,,,10:16 PM,11:22 PM,11:37 AM,11:12 AM,Ravivara,,Lakshmi-Narayana,,,6:42,,,
283,24-Dec-18,Vilambi,Dakshinayana,Hemanta,Margashira,Krishna,Dvitya,Punarvasu,Brahma,Taitila,,,,8:09 PM,9:56 PM,8:46 AM,9:13 AM,Somavara,,Lakshmi-Narayana,,,6:42,,,
284,25-Dec-18,Vilambi,Dakshinayana,Hemanta,Margashira,Krishna,Tritiya,Pushya,Vaidhriti,Vanija,,,,5:54 PM,8:21 PM,2:38 AM,7:03 AM,Mangalavara,,Lakshmi-Narayana,,,6:43,,,
285,26-Dec-18,Vilambi,Dakshinayana,Hemanta,Margashira,Krishna,Chaturthi,Ashlesha,Vishkambha,Balava,,,,3:33 PM,6:41 PM,11:28 PM,3:33 PM,Budhavara,,Lakshmi-Narayana,,,6:43,,,
286,27-Dec-18,Vilambi,Dakshinayana,Hemanta,Margashira,Krishna,Panchami,Makha,Priti,Taitila,,,,1:12 PM,5:01 PM,8:20 PM,1:12 PM,Guruvara,,Lakshmi-Narayana,,,6:43,,,
287,28-Dec-18,Vilambi,Dakshinayana,Hemanta,Margashira,Krishna,Shashti,Purvaphalguni,Ayushman,Vanija,,,,10:56 AM,3:28 PM,5:17 PM,10:56 AM,Shukravara,,Lakshmi-Narayana,,,6:43,,,
288,29-Dec-18,Vilambi,Dakshinayana,Hemanta,Margashira,Krishna,Saptami,Uttaraphalguni,Soubhagya,Bhava,,,,8:50 AM,2:05 PM,2:24 PM,8:50 AM,Shanivara,,Lakshmi-Narayana,,,6:43,,,
289,30-Dec-18,Vilambi,Dakshinayana,Hemanta,Margashira,Krishna,Ashtami,Hasta,Shobhana,Kaulava,,,,6:59 AM,12:58 PM,11:43 AM,6:59 AM,Ravivara,,Lakshmi-Narayana,,,6:43,,,
290,31-Dec-18,Vilambi,Dakshinayana,Hemanta,Margashira,Krishna,Dasami,Chitta,Atiganda,Vanija,,,,4:17 AM,12:10 PM,9:17 AM,4:52 PM,Somavara,,Lakshmi-Narayana,,,6:43,,,
291,01-Jan-19,Vilambi,Dakshinayana,Hemanta,Margashira,Krishna,Ekadashi,Swati,Sukarma,Bhava,,,,3:33 AM,11:46 AM,7:10 AM,3:55 PM,Mangalavara,,Lakshmi-Narayana,,,6:43,,,
292,02-Jan-19,Vilambi,Dakshinayana,Hemanta,Margashira,Krishna,Dwadashi,Vishakha,Sula,Kaulava,,,,3:19 AM,11:48 AM,4:00 AM,3:26 PM,Budhavara,,Lakshmi-Narayana,,,6:43,,,
293,03-Jan-19,Vilambi,Dakshinayana,Hemanta,Margashira,Krishna,Trayodashi,Anuradha,Ganda,Gara,,,,3:37 AM,12:21 PM,3:02 AM,3:28 PM,Guruvara,,Lakshmi-Narayana,,,6:44,,,
294,04-Jan-19,Vilambi,Dakshinayana,Hemanta,Margashira,Krishna,Chaturdashi,Jyeshta,Vriddha,Bhadra,,,,4:25 AM,1:22 PM,2:26 AM,4:00 PM,Shukravara,,Lakshmi-Narayana,,,6:44,,,
295,05-Jan-19,Vilambi,Dakshinayana,Hemanta,Margashira,Krishna,Amavasya,Moola,Dhruva,Chatuspat,,,,5:42 AM,2:53 PM,2:12 AM,5:03 PM,Shanivara,,Lakshmi-Narayana,,,6:44,,,
296,06-Jan-19,Vilambi,Dakshinayana,Hemanta,Pushya,Shukla,Pratipad,Purvashadha,Vyaghata,Kimstugna,,,,6:44 AM,4:50 PM,2:18 AM,6:32 PM,Ravivara,,Lakshmi-Narayana,,,6:44,,,
297,07-Jan-19,Vilambi,Dakshinayana,Hemanta,Pushya,Shukla,Pratipad,Uttarashadha,Harshana,Bhava,,,,7:24 AM,7:08 PM,2:38 AM,7:24 AM,Somavara,,Lakshmi-Narayana,,,6:44,,,
298,08-Jan-19,Vilambi,Dakshinayana,Hemanta,Pushya,Shukla,Dvitya,Sharavana,Vajra,Kaulava,,,,9:24 AM,9:40 PM,3:08 AM,9:24 AM,Mangalavara,,Lakshmi-Narayana,,,6:44,,,
299,09-Jan-19,Vilambi,Dakshinayana,Hemanta,Pushya,Shukla,Tritiya,Dhanishta,Siddhi,Gara,,,,11:34 AM,12:17 AM,3:39 AM,11:34 AM,Budhavara,,Lakshmi-Narayana,,,6:44,,,
300,10-Jan-19,Vilambi,Dakshinayana,Hemanta,Pushya,Shukla,Chaturthi,Shatabhisha,Vyatipata,Bhadra,,,,1:44 PM,2:49 AM,4:06 AM,1:44 PM,Guruvara,,Lakshmi-Narayana,,,6:44,,,
301,11-Jan-19,Vilambi,Dakshinayana,Hemanta,Pushya,Shukla,Panchami,Purvabhadra,Variyan,Balava,,,,3:42 PM,5:05 AM,4:20 AM,3:42 PM,Shukravara,,Lakshmi-Narayana,,,6:44,,,
302,12-Jan-19,Vilambi,Dakshinayana,Hemanta,Pushya,Shukla,Shashti,Uttarabhadra,Parigha,Taitila,,,,5:20 PM,6:44 AM,4:17 AM,5:20 PM,Shanivara,,Lakshmi-Narayana,,,6:44,,,
303,13-Jan-19,Vilambi,Dakshinayana,Hemanta,Pushya,Shukla,Saptami,Uttarabhadra,Shiva,Vanija,,,,6:33 PM,7:00 AM,3:53 AM,6:33 PM,Ravivara,,Lakshmi-Narayana,,,6:44,,,
304,14-Jan-19,Vilambi,Dakshinayana,Hemanta,Pushya,Shukla,Ashtami,Revati,Siddha,Bhadra,,,,7:16 PM,8:28 AM,3:06 AM,6:58 AM,Somavara,,Lakshmi-Narayana,,,6:44,,,
305,15-Jan-19,Vilambi,Uttarayana,Hemanta,Pushya,Shukla,Navami,Ashwini,Sadhya,Balava,,,,7:28 PM,9:26 AM,1:56 AM,7:25 AM,Mangalavara,,Lakshmi-Narayana,,,6:44,,,
306,16-Jan-19,Vilambi,Uttarayana,Hemanta,Pushya,Shukla,Dasami,Bharani,Shubha,Taitila,,,,7:09 PM,9:54 AM,12:21 AM,7:22 AM,Budhavara,,Lakshmi-Narayana,,,6:44,,,
307,17-Jan-19,Vilambi,Uttarayana,Hemanta,Pushya,Shukla,Ekadashi,Krittika,Shukla,Vanija,,,,6:22 PM,9:54 AM,10:25 PM,6:49 AM,Guruvara,,Lakshmi-Narayana,,,6:44,,,
308,18-Jan-19,Vilambi,Uttarayana,Hemanta,Pushya,Shukla,Dwadashi,Rohini,Brahma,Balava,,,,5:08 PM,9:27 AM,8:09 PM,5:08 PM,Shukravara,,Lakshmi-Narayana,,,6:44,,,
309,19-Jan-19,Vilambi,Uttarayana,Hemanta,Pushya,Shukla,Trayodashi,Mrigashira,Indra,Taitila,,,,3:32 PM,8:37 AM,5:36 PM,3:32 PM,Shanivara,,Lakshmi-Narayana,,,6:44,,,
310,20-Jan-19,Vilambi,Uttarayana,Hemanta,Pushya,Shukla,Chaturdashi,Ardra,Vaidhriti,Vanija,,,,1:39 PM,7:28 AM,2:49 PM,1:39 PM,Ravivara,,Lakshmi-Narayana,,,6:44,,,
311,21-Jan-19,Vilambi,Uttarayana,Hemanta,Pushya,Shukla,Poornima,Pushya,Vishkambha,Bhava,,,,11:30 AM,4:30 AM,11:50 AM,11:30 AM,Somavara,,Lakshmi-Narayana,,,6:43,,,
312,22-Jan-19,Vilambi,Uttarayana,Hemanta,Pushya,Krishna,Pratipad,Ashlesha,Priti,Kaulava,,,,9:13 AM,2:50 AM,8:45 AM,9:13 AM,Mangalavara,,Kamala-Madhava,,,6:43,,,
313,23-Jan-19,Vilambi,Uttarayana,Hemanta,Pushya,Krishna,Dvitya,Makha,Soubhagya,Gara,,,,6:52 AM,1:10 AM,2:27 AM,6:52 AM,Budhavara,,Kamala-Madhava,,,6:43,,,
314,24-Jan-19,Vilambi,Uttarayana,Hemanta,Pushya,Krishna,Chaturthi,Purvaphalguni,Shobhana,Bhava,,,,2:16 AM,11:36 PM,11:23 PM,3:24 PM,Guruvara,,Kamala-Madhava,,,6:43,,,
315,25-Jan-19,Vilambi,Uttarayana,Hemanta,Pushya,Krishna,Panchami,Uttaraphalguni,Atiganda,Kaulava,,,,12:11 AM,10:11 PM,8:26 PM,1:14 PM,Shukravara,,Kamala-Madhava,,,6:43,,,
316,26-Jan-19,Vilambi,Uttarayana,Hemanta,Pushya,Krishna,Shashti,Hasta,Sukarma,Gara,,,,10:21 PM,8:59 PM,5:41 PM,11:16 AM,Shanivara,,Kamala-Madhava,,,6:43,,,
317,27-Jan-19,Vilambi,Uttarayana,Hemanta,Pushya,Krishna,Saptami,Chitta,Dhriti,Bhadra,,,,8:50 PM,8:07 PM,3:10 PM,9:35 AM,Ravivara,,Kamala-Madhava,,,6:43,,,
318,28-Jan-19,Vilambi,Uttarayana,Hemanta,Pushya,Krishna,Ashtami,Swati,Sula,Balava,,,,7:43 PM,7:37 PM,12:57 PM,8:14 AM,Somavara,,Kamala-Madhava,,,6:43,,,
319,29-Jan-19,Vilambi,Uttarayana,Hemanta,Pushya,Krishna,Navami,Vishakha,Ganda,Taitila,,,,7:01 PM,7:33 PM,11:03 AM,7:19 AM,Mangalavara,,Kamala-Madhava,,,6:43,,,
320,30-Jan-19,Vilambi,Uttarayana,Hemanta,Pushya,Krishna,Dasami,Anuradha,Vriddha,Vanija,,,,6:50 PM,7:58 PM,9:33 AM,6:52 AM,Budhavara,,Kamala-Madhava,,,6:43,,,
321,31-Jan-19,Vilambi,Uttarayana,Hemanta,Pushya,Krishna,Ekadashi,Jyeshta,Dhruva,Bhava,,,,7:08 PM,8:52 PM,8:24 AM,6:55 AM,Guruvara,,Kamala-Madhava,,,6:42,,,
322,01-Feb-19,Vilambi,Uttarayana,Hemanta,Pushya,Krishna,Dwadashi,Moola,Vyaghata,Kaulava,,,,7:58 PM,10:16 PM,7:41 AM,7:30 AM,Shukravara,,Kamala-Madhava,,,6:42,,,
323,02-Feb-19,Vilambi,Uttarayana,Hemanta,Pushya,Krishna,Trayodashi,Purvashadha,Harshana,Gara,,,,9:17 PM,12:07 AM,7:21 AM,8:35 AM,Shanivara,,Kamala-Madhava,,,6:42,,,
324,03-Feb-19,Vilambi,Uttarayana,Hemanta,Pushya,Krishna,Chaturdashi,Uttarashadha,Vajra,Bhadra,,,,11:00 PM,2:22 AM,7:22 AM,10:07 AM,Ravivara,,Kamala-Madhava,,,6:42,,,
325,04-Feb-19,Vilambi,Uttarayana,Hemanta,Pushya,Krishna,Amavasya,Sharavana,Siddhi,Chatuspat,,,,1:01 AM,4:51 AM,7:38 AM,12:00 PM,Somavara,,Kamala-Madhava,,,6:42,,,
326,05-Feb-19,Vilambi,Uttarayana,Shishira,Magha,Shukla,Pratipad,Dhanishta,Vyatipata,Kimstugna,,,,3:11 AM,6:42 AM,8:06 AM,2:06 PM,Mangalavara,,Kamala-Madhava,,,6:42,,,
327,06-Feb-19,Vilambi,Uttarayana,Shishira,Magha,Shukla,Dvitya,Dhanishta,Variyan,Balava,,,,5:19 AM,7:29 AM,8:39 AM,4:15 PM,Budhavara,,Kamala-Madhava,,,6:42,,,
328,07-Feb-19,Vilambi,Uttarayana,Shishira,Magha,Shukla,Tritiya,Shatabhisha,Parigha,Taitila,,,,6:41 AM,10:01 AM,9:08 AM,6:16 PM,Guruvara,,Kamala-Madhava,,,6:41,,,
329,08-Feb-19,Vilambi,Uttarayana,Shishira,Magha,Shukla,Tritiya,Purvabhadra,Shiva,Gara,,,,7:14 AM,12:22 PM,9:28 AM,7:14 AM,Shukravara,,Kamala-Madhava,,,6:41,,,
330,09-Feb-19,Vilambi,Uttarayana,Shishira,Magha,Shukla,Chaturthi,Uttarabhadra,Siddha,Bhadra,,,,8:49 AM,2:23 PM,9:32 AM,8:49 AM,Shanivara,,Kamala-Madhava,,,6:41,,,
331,10-Feb-19,Vilambi,Uttarayana,Shishira,Magha,Shukla,Panchami,Revati,Sadhya,Balava,,,,9:59 AM,3:57 PM,9:17 AM,9:59 AM,Ravivara,,Kamala-Madhava,,,6:41,,,
332,11-Feb-19,Vilambi,Uttarayana,Shishira,Magha,Shukla,Shashti,Ashwini,Shubha,Taitila,,,,10:39 AM,5:03 PM,8:39 AM,10:39 AM,Somavara,,Kamala-Madhava,,,6:41,,,
333,12-Feb-19,Vilambi,Uttarayana,Shishira,Magha,Shukla,Saptami,Bharani,Shukla,Vanija,,,,10:46 AM,5:37 PM,7:36 AM,10:46 AM,Mangalavara,,Kamala-Madhava,,,6:40,,,
334,13-Feb-19,Vilambi,Uttarayana,Shishira,Magha,Shukla,Ashtami,Krittika,Indra,Bhava,,,,10:24 AM,5:43 PM,4:23 AM,10:24 AM,Budhavara,,Kamala-Madhava,,,6:40,,,
335,14-Feb-19,Vilambi,Uttarayana,Shishira,Magha,Shukla,Navami,Rohini,Vaidhriti,Kaulava,,,,9:34 AM,5:22 PM,2:14 AM,9:34 AM,Guruvara,,Kamala-Madhava,,,6:40,,,
336,15-Feb-19,Vilambi,Uttarayana,Shishira,Magha,Shukla,Dasami,Mrigashira,Vishkambha,Gara,,,,8:17 AM,4:37 PM,11:47 PM,8:17 AM,Shukravara,,Kamala-Madhava,,,6:40,,,
337,16-Feb-19,Vilambi,Uttarayana,Shishira,Magha,Shukla,Dwadashi,Ardra,Priti,Bhava,,,,4:43 AM,3:33 PM,9:06 PM,5:41 PM,Shanivara,,Kamala-Madhava,,,6:40,,,
338,17-Feb-19,Vilambi,Uttarayana,Shishira,Magha,Shukla,Trayodashi,Punarvasu,Ayushman,Kaulava,,,,2:33 AM,2:11 PM,6:11 PM,3:37 PM,Ravivara,,Kamala-Madhava,,,6:39,,,
339,18-Feb-19,Vilambi,Uttarayana,Shishira,Magha,Shukla,Chaturdashi,Pushya,Soubhagya,Gara,,,,12:14 AM,12:39 PM,3:09 PM,1:24 PM,Somavara,,Kamala-Madhava,,,6:39,,,
340,19-Feb-19,Vilambi,Uttarayana,Shishira,Magha,Shukla,Poornima,Ashlesha,Shobhana,Bhadra,,,,9:52 PM,11:01 AM,12:01 PM,11:03 AM,Mangalavara,,Kamala-Madhava,,,6:39,,,
341,20-Feb-19,Vilambi,Uttarayana,Shishira,Magha,Krishna,Pratipad,Makha,Atiganda,Balava,,,,7:31 PM,9:21 AM,8:53 AM,8:41 AM,Budhavara,,Padma-Govinda,,,6:39,,,
342,21-Feb-19,Vilambi,Uttarayana,Shishira,Magha,Krishna,Dvitya,Purvaphalguni,Dhriti,Gara,,,,5:15 PM,7:45 AM,2:49 AM,5:15 PM,Guruvara,,Padma-Govinda,,,6:39,,,
343,22-Feb-19,Vilambi,Uttarayana,Shishira,Magha,Krishna,Tritiya,Hasta,Sula,Bhadra,,,,3:09 PM,5:01 AM,12:00 AM,3:09 PM,Shukravara,,Padma-Govinda,,,6:38,,,
344,23-Feb-19,Vilambi,Uttarayana,Shishira,Magha,Krishna,Chaturthi,Chitta,Ganda,Balava,,,,1:20 PM,4:04 AM,9:25 PM,1:20 PM,Shanivara,,Padma-Govinda,,,6:38,,,
345,24-Feb-19,Vilambi,Uttarayana,Shishira,Magha,Krishna,Panchami,Swati,Vriddha,Taitila,,,,11:50 AM,3:29 AM,7:06 PM,11:50 AM,Ravivara,,Padma-Govinda,,,6:38,,,
346,25-Feb-19,Vilambi,Uttarayana,Shishira,Magha,Krishna,Shashti,Vishakha,Dhruva,Vanija,,,,10:42 AM,3:19 AM,5:08 PM,10:42 AM,Somavara,,Padma-Govinda,,,6:38,,,
347,26-Feb-19,Vilambi,Uttarayana,Shishira,Magha,Krishna,Saptami,Anuradha,Vyaghata,Bhava,,,,10:01 AM,3:36 AM,3:30 PM,10:01 AM,Mangalavara,,Padma-Govinda,,,6:37,,,
348,27-Feb-19,Vilambi,Uttarayana,Shishira,Magha,Krishna,Ashtami,Jyeshta,Harshana,Kaulava,,,,9:50 AM,4:24 AM,2:16 PM,9:50 AM,Budhavara,,Padma-Govinda,,,6:37,,,
349,28-Feb-19,Vilambi,Uttarayana,Shishira,Magha,Krishna,Navami,Moola,Vajra,Gara,,,,10:10 AM,5:41 AM,1:27 PM,10:10 AM,Guruvara,,Padma-Govinda,,,6:37,,,
350,01-Mar-19,Vilambi,Uttarayana,Shishira,Magha,Krishna,Dasami,Purvashadha,Siddhi,Bhadra,,,,11:01 AM,6:37 AM,1:01 PM,11:01 AM,Shukravara,,Padma-Govinda,,,6:37,,,
351,02-Mar-19,Vilambi,Uttarayana,Shishira,Magha,Krishna,Ekadashi,Purvashadha,Vyatipata,Balava,,,,12:19 PM,7:26 AM,12:55 PM,12:19 PM,Shanivara,,Padma-Govinda,,,6:36,,,
352,03-Mar-19,Vilambi,Uttarayana,Shishira,Magha,Krishna,Dwadashi,Uttarashadha,Variyan,Taitila,,,,2:02 PM,9:36 AM,1:09 PM,2:02 PM,Ravivara,,Padma-Govinda,,,6:36,,,
353,04-Mar-19,Vilambi,Uttarayana,Shishira,Magha,Krishna,Trayodashi,Sharavana,Parigha,Vanija,,,,4:02 PM,12:03 PM,1:35 PM,4:02 PM,Somavara,,Padma-Govinda,,,6:36,,,
354,05-Mar-19,Vilambi,Uttarayana,Shishira,Magha,Krishna,Chaturdashi,Dhanishta,Shiva,Shakuni,,,,6:09 PM,2:39 PM,2:08 PM,6:09 PM,Mangalavara,,Padma-Govinda,,,6:35,,,
355,06-Mar-19,Vilambi,Uttarayana,Shishira,Magha,Krishna,Amavasya,Shatabhisha,Siddha,Chatuspat,,,,8:15 PM,5:14 PM,2:41 PM,7:13 AM,Budhavara,,Padma-Govinda,,,6:35,,,
356,07-Mar-19,Vilambi,Uttarayana,Shishira,Phalguna,Shukla,Pratipad,Purvabhadra,Sadhya,Kimstugna,,,,10:08 PM,7:39 PM,3:07 PM,9:13 AM,Guruvara,,Padma-Govinda,,,6:35,,,
357,08-Mar-19,Vilambi,Uttarayana,Shishira,Phalguna,Shukla,Dvitya,Uttarabhadra,Shubha,Balava,,,,11:40 PM,9:45 PM,3:18 PM,10:56 AM,Shukravara,,Padma-Govinda,,,6:35,,,
358,09-Mar-19,Vilambi,Uttarayana,Shishira,Phalguna,Shukla,Tritiya,Revati,Shukla,Taitila,,,,12:45 AM,11:24 PM,3:10 PM,12:14 PM,Shanivara,,Padma-Govinda,,,6:34,,,
359,10-Mar-19,Vilambi,Uttarayana,Shishira,Phalguna,Shukla,Chaturthi,Ashwini,Brahma,Vanija,,,,1:22 AM,12:37 AM,2:41 PM,1:05 PM,Ravivara,,Padma-Govinda,,,6:34,,,
360,11-Mar-19,Vilambi,Uttarayana,Shishira,Phalguna,Shukla,Panchami,Bharani,Indra,Bhava,,,,1:27 AM,1:19 AM,1:48 PM,1:25 PM,Somavara,,Padma-Govinda,,,6:34,,,
361,12-Mar-19,Vilambi,Uttarayana,Shishira,Phalguna,Shukla,Shashti,Krittika,Vaidhriti,Kaulava,,,,1:02 AM,1:32 AM,12:31 PM,1:15 PM,Mangalavara,,Padma-Govinda,,,6:34,,,
362,13-Mar-19,Vilambi,Uttarayana,Shishira,Phalguna,Shukla,Saptami,Rohini,Vishkambha,Gara,,,,12:07 AM,1:16 AM,10:51 AM,12:35 PM,Budhavara,,Padma-Govinda,,,6:33,,,
363,14-Mar-19,Vilambi,Uttarayana,Shishira,Phalguna,Shukla,Ashtami,Mrigashira,Priti,Bhadra,,,,10:48 PM,12:37 AM,8:50 AM,11:28 AM,Guruvara,,Padma-Govinda,,,6:33,,,
364,15-Mar-19,Vilambi,Uttarayana,Shishira,Phalguna,Shukla,Navami,Ardra,Soubhagya,Balava,,,,9:07 PM,11:36 PM,3:53 AM,9:59 AM,Shukravara,,Padma-Govinda,,,6:33,,,
365,16-Mar-19,Vilambi,Uttarayana,Shishira,Phalguna,Shukla,Dasami,Punarvasu,Shobhana,Taitila,,,,7:08 PM,10:18 PM,1:03 AM,8:09 AM,Shanivara,,Padma-Govinda,,,6:32,,,
366,17-Mar-19,Vilambi,Uttarayana,Shishira,Phalguna,Shukla,Ekadashi,Pushya,Atiganda,Bhadra,,,,4:57 PM,8:49 PM,10:04 PM,4:57 PM,Ravivara,,Padma-Govinda,,,6:32,,,
367,18-Mar-19,Vilambi,Uttarayana,Shishira,Phalguna,Shukla,Dwadashi,Ashlesha,Sukarma,Balava,,,,2:37 PM,7:11 PM,7:00 PM,2:37 PM,Somavara,,Padma-Govinda,,,6:32,,,
368,19-Mar-19,Vilambi,Uttarayana,Shishira,Phalguna,Shukla,Trayodashi,Makha,Dhriti,Taitila,,,,12:12 PM,5:30 PM,3:51 PM,12:12 PM,Mangalavara,,Padma-Govinda,,,6:31,,,
369,20-Mar-19,Vilambi,Uttarayana,Shishira,Phalguna,Shukla,Chaturdashi,Purvaphalguni,Sula,Vanija,,,,9:49 AM,3:53 PM,12:46 PM,9:49 AM,Budhavara,,Padma-Govinda,,,6:31,,,
370,21-Mar-19,Vilambi,Uttarayana,Shishira,Phalguna,Shukla,Poornima,Uttaraphalguni,Ganda,Bhava,,,,7:33 AM,2:23 PM,9:47 AM,7:33 AM,Guruvara,,Padma-Govinda,,,6:31,,,
371,22-Mar-19,Vilambi,Uttarayana,Shishira,Phalguna,Krishna,Dvitya,Hasta,Vriddha,Taitila,,,,3:36 AM,1:04 PM,6:55 AM,4:32 PM,Shukravara,,Padmini-Vishnu,,,6:30,,,
372,23-Mar-19,Vilambi,Uttarayana,Shishira,Phalguna,Krishna,Tritiya,Chitta,Vyaghata,Vanija,,,,2:04 AM,12:03 PM,1:55 AM,2:50 PM,Shanivara,,Padmini-Vishnu,,,6:30,,,
373,24-Mar-19,Vilambi,Uttarayana,Shishira,Phalguna,Krishna,Chaturthi,Swati,Harshana,Bhava,,,,12:56 AM,11:22 AM,11:52 PM,1:31 PM,Ravivara,,Padmini-Vishnu,,,6:30,,,
374,25-Mar-19,Vilambi,Uttarayana,Shishira,Phalguna,Krishna,Panchami,Vishakha,Vajra,Kaulava,,,,12:15 AM,11:05 AM,10:09 PM,12:35 PM,Somavara,,Padmini-Vishnu,,,6:29,,,
375,26-Mar-19,Vilambi,Uttarayana,Shishira,Phalguna,Krishna,Shashti,Anuradha,Siddhi,Gara,,,,12:03 AM,11:16 AM,8:50 PM,12:09 PM,Mangalavara,,Padmini-Vishnu,,,6:29,,,
376,27-Mar-19,Vilambi,Uttarayana,Shishira,Phalguna,Krishna,Saptami,Jyeshta,Vyatipata,Bhadra,,,,12:23 AM,11:57 AM,7:55 PM,12:12 PM,Budhavara,,Padmini-Vishnu,,,6:29,,,
377,28-Mar-19,Vilambi,Uttarayana,Shishira,Phalguna,Krishna,Ashtami,Moola,Variyan,Balava,,,,1:12 AM,1:09 PM,7:24 PM,12:47 PM,Guruvara,,Padmini-Vishnu,,,6:29,,,
378,29-Mar-19,Vilambi,Uttarayana,Shishira,Phalguna,Krishna,Navami,Purvashadha,Parigha,Taitila,,,,2:29 AM,2:47 PM,7:14 PM,1:50 PM,Shukravara,,Padmini-Vishnu,,,6:28,,,
379,30-Mar-19,Vilambi,Uttarayana,Shishira,Phalguna,Krishna,Dasami,Uttarashadha,Shiva,Vanija,,,,4:11 AM,4:52 PM,7:25 PM,3:20 PM,Shanivara,,Padmini-Vishnu,,,6:28,,,
380,31-Mar-19,Vilambi,Uttarayana,Shishira,Phalguna,Krishna,Ekadashi,Sharavana,Siddha,Bhava,,,,6:09 AM,7:16 PM,7:50 PM,5:10 PM,Ravivara,,Padmini-Vishnu,,,6:28,,,
381,01-Apr-19,Vilambi,Uttarayana,Shishira,Phalguna,Krishna,Dwadashi,Dhanishta,Sadhya,Kaulava,,,,6:27 AM,9:50 PM,8:23 PM,7:11 PM,Somavara,,Padmini-Vishnu,,,6:27,,,
382,02-Apr-19,Vilambi,Uttarayana,Shishira,Phalguna,Krishna,Dwadashi,Shatabhisha,Shubha,Taitila,,,,8:14 AM,12:27 AM,9:00 PM,8:14 AM,Mangalavara,,Padmini-Vishnu,,,6:27,,,
383,03-Apr-19,Vilambi,Uttarayana,Shishira,Phalguna,Krishna,Trayodashi,Purvabhadra,Shukla,Vanija,,,,10:16 AM,2:54 AM,9:28 PM,10:16 AM,Budhavara,,Padmini-Vishnu,,,6:26,,,
384,04-Apr-19,Vilambi,Uttarayana,Shishira,Phalguna,Krishna,Chaturdashi,Uttarabhadra,Brahma,Shakuni,,,,12:06 PM,5:04 AM,9:46 PM,12:06 PM,Guruvara,,Padmini-Vishnu,,,6:26,,,
385,05-Apr-19,Vilambi,Uttarayana,Shishira,Phalguna,Krishna,Amavasya,Revati,Indra,Nagavan,,,,1:36 PM,6:26 AM,9:47 PM,1:36 PM,Shukravara,,Padmini-Vishnu,,,6:26,,,
386,06-Apr-19,Vikari,Uttarayana,Shishira,Chaitra,Shukla,Pratipad,Revati,Vaidhriti,Bhava,,,,2:39 PM,6:51 AM,9:25 PM,2:39 PM,Shanivara,,Padmini-Vishnu,,,6:25,,,
387,07-Apr-19,Vikari,Uttarayana,Vasanta,Chaitra,Shukla,Dvitya,Ashwini,Vishkambha,Kaulava,,,,3:12 PM,8:10 AM,8:41 PM,3:12 PM,Ravivara,,Padmini-Vishnu,,,6:25,,,
388,08-Apr-19,Vikari,Uttarayana,Vasanta,Chaitra,Shukla,Tritiya,Bharani,Priti,Gara,,,,3:15 PM,8:59 AM,7:33 PM,3:15 PM,Somavara,,Padmini-Vishnu,,,6:25,,,
389,09-Apr-19,Vikari,Uttarayana,Vasanta,Chaitra,Shukla,Chaturthi,Krittika,Ayushman,Bhadra,,,,2:46 PM,9:18 AM,6:00 PM,2:46 PM,Mangalavara,,Padmini-Vishnu,,,6:24,,,
390,10-Apr-19,Vikari,Uttarayana,Vasanta,Chaitra,Shukla,Panchami,Rohini,Soubhagya,Balava,,,,1:50 PM,9:10 AM,4:06 PM,1:50 PM,Budhavara,,Padmini-Vishnu,,,6:24,,,
391,11-Apr-19,Vikari,Uttarayana,Vasanta,Chaitra,Shukla,Shashti,Mrigashira,Shobhana,Taitila,,,,12:29 PM,8:35 AM,1:52 PM,12:29 PM,Guruvara,,Padmini-Vishnu,,,6:24,,,
392,12-Apr-19,Vikari,Uttarayana,Vasanta,Chaitra,Shukla,Saptami,Ardra,Atiganda,Vanija,,,,10:45 AM,7:38 AM,11:21 AM,10:45 AM,Shukravara,,Padmini-Vishnu,,,6:23,,,
393,13-Apr-19,Vikari,Uttarayana,Vasanta,Chaitra,Shukla,Ashtami,Punarvasu,Sukarma,Bhava,,,,8:45 AM,6:25 AM,8:37 AM,8:45 AM,Shanivara,,Padmini-Vishnu,,,6:23,,,
394,14-Apr-19,Vikari,Uttarayana,Vasanta,Chaitra,Shukla,Navami,Ashlesha,Sula,Kaulava,,,,6:32 AM,3:21 AM,2:39 AM,6:32 AM,Ravivara,,Padmini-Vishnu,,,6:23,,,